"searchterm","arceringURI","id","abibliotheekURI","abibliotheek","fase","arcering","finalCleanName","optie","schaal","vrkl_kort","vrkl_lang","fileURL"
"BETON","http://digitalbuildingdata.tech/nlcs/def/b3cb56a3-95f5-403c-b516-a1d681509bb1","10","http://digitalbuildingdata.tech/nlcs/def/b60398de-34f8-4300-8826-acdb4f01f561","ACO","","ACO-BETON_PREFAB-SODMM","BETON_PREFAB","SODMM","1","prefabbeton","45,0,0,0,2.8 0,0,0,0,0.75,0,-0.75","https://github.com/nl-digigo/NLCS/tree/main/arceringen/concept/5.1/ACO-BETON_PREFAB-SODMM.pat"
"BETON","http://digitalbuildingdata.tech/nlcs/def/485735de-e66b-4777-81af-5b78631f82d6","11","http://digitalbuildingdata.tech/nlcs/def/b60398de-34f8-4300-8826-acdb4f01f561","ACO","","ACO-BETON_VOORGESPANNEN-SODMM","BETON_VOORGESPANNEN","SODMM","1","voorgespannenbeton","45,0,0,0,2.5 -45,0,0,0,2.5","https://github.com/nl-digigo/NLCS/tree/main/arceringen/concept/5.1/ACO-BETON_VOORGESPANNEN-SODMM.pat"
"BETON","http://digitalbuildingdata.tech/nlcs/def/b75cd3b2-6c73-4d71-93f2-0a6c2131e5fe","12","http://digitalbuildingdata.tech/nlcs/def/b60398de-34f8-4300-8826-acdb4f01f561","ACO","","ACO-BETON_VOORGESP_PREFAB-SODMM","BETON_VOORGESP_PREFAB","SODMM","1","prefabbeton","45,0,0,0,2.5 -45,0,0,0,2.5 0,0,0,0,.75,0,-0.75","https://github.com/nl-digigo/NLCS/tree/main/arceringen/concept/5.1/ACO-BETON_VOORGESP_PREFAB-SODMM.pat"
"BETON","http://digitalbuildingdata.tech/nlcs/def/418bade4-cc62-46f4-b510-277ef5bf3f75","13","http://digitalbuildingdata.tech/nlcs/def/b60398de-34f8-4300-8826-acdb4f01f561","ACO","","ACO-BETON_WERKVLOER-SODMM","BETON_WERKVLOER","SODMM","1","werkvloerbeton","90,0,0,0,1.6","https://github.com/nl-digigo/NLCS/tree/main/arceringen/concept/5.1/ACO-BETON_WERKVLOER-SODMM.pat"
"HOUT","http://digitalbuildingdata.tech/nlcs/def/012fa336-a5c0-4d7c-a994-2ece46605e6d","18","http://digitalbuildingdata.tech/nlcs/def/b60398de-34f8-4300-8826-acdb4f01f561","ACO","","ACO-HOUT_01-SODMM","HOUT_01","SODMM","1","hout01","45,0,0,0,1.875 135,0,0,3.75,1.875,4.6875,-2.8125","https://github.com/nl-digigo/NLCS/tree/main/arceringen/concept/5.1/ACO-HOUT_01-SODMM.pat"
"HOUT","http://digitalbuildingdata.tech/nlcs/def/9837bdd7-44a5-4cb6-8214-ea919f4ded39","19","http://digitalbuildingdata.tech/nlcs/def/b60398de-34f8-4300-8826-acdb4f01f561","ACO","","ACO-HOUT_02-SODMM","HOUT_02","SODMM","1","hout02","45,0,0,0,0.2","https://github.com/nl-digigo/NLCS/tree/main/arceringen/concept/5.1/ACO-HOUT_02-SODMM.pat"
"HOUT","http://digitalbuildingdata.tech/nlcs/def/aedb0c0b-4ab0-4312-90a2-3b857bbd8bcf","20","http://digitalbuildingdata.tech/nlcs/def/b60398de-34f8-4300-8826-acdb4f01f561","ACO","","ACO-HOUT_03-SODMM","HOUT_03","SODMM","1","hout03","0,0,0,0,0.3","https://github.com/nl-digigo/NLCS/tree/main/arceringen/concept/5.1/ACO-HOUT_03-SODMM.pat"
"KUNSTSTOF","http://digitalbuildingdata.tech/nlcs/def/d152dfcd-3ccc-4fd3-bbac-366cb3dcdf98","22","http://digitalbuildingdata.tech/nlcs/def/b60398de-34f8-4300-8826-acdb4f01f561","ACO","","ACO-KUNSTSTOF-SODMM","KUNSTSTOF","SODMM","1","kunststof","45,0,0,0,0.3,0,-0.3","https://github.com/nl-digigo/NLCS/tree/main/arceringen/concept/5.1/ACO-KUNSTSTOF-SODMM.pat"
"METSELWERK","http://digitalbuildingdata.tech/nlcs/def/8b26baac-6138-4341-8ce9-d4d2172be2ee","23","http://digitalbuildingdata.tech/nlcs/def/b60398de-34f8-4300-8826-acdb4f01f561","ACO","","ACO-METSELWERK-SODMM","METSELWERK","SODMM","1","metselwerk","45,0,0,0,4 45,1,0,0,4","https://github.com/nl-digigo/NLCS/tree/main/arceringen/concept/5.1/ACO-METSELWERK-SODMM.pat"
"BETON","http://digitalbuildingdata.tech/nlcs/def/97bf9b9c-e294-494b-8ed0-a40eb1e55665","253","http://digitalbuildingdata.tech/nlcs/def/b60398de-34f8-4300-8826-acdb4f01f561","ACO","","ACO-BETON_IHWERKGESTORT-SODMM","BETON_IHWERKGESTORT","SODMM","1","inhetwerkgestort","45,0,0,0,1.5 45,1.3105,0,0,1.5,1,-0.5 45,0.5,0,0,1.5","https://github.com/nl-digigo/NLCS/tree/main/arceringen/concept/5.1/ACO-BETON_IHWERKGESTORT-SODMM.pat"
"STAAL","http://digitalbuildingdata.tech/nlcs/def/3183991b-443d-4a16-a45d-0440e1d4d62f","27","http://digitalbuildingdata.tech/nlcs/def/b60398de-34f8-4300-8826-acdb4f01f561","ACO","","ACO-STAAL-SODMM","STAAL","SODMM","1","staal","45,0,0,0,4 45,0,2.4284,0,4 45,0,2.5284,0,4 45,0,2.6284,0,4","https://github.com/nl-digigo/NLCS/tree/main/arceringen/concept/5.1/ACO-STAAL-SODMM.pat"
"RVS","http://digitalbuildingdata.tech/nlcs/def/d97a9611-a990-4181-b8bb-ee586acfb596","274","http://digitalbuildingdata.tech/nlcs/def/b60398de-34f8-4300-8826-acdb4f01f561","ACO","","ACO-RVS-SODMM","RVS","SODMM","1","rvs","135,0,0,0,4 135,0,2.4284,0,4 135,0,2.5284,0,4 135,0,2.6284,0,4","https://github.com/nl-digigo/NLCS/tree/main/arceringen/concept/5.1/ACO-RVS-SODMM.pat"
"BETON","http://digitalbuildingdata.tech/nlcs/def/46ab1175-a6bb-42a7-97c9-62c1daa371bc","4","http://digitalbuildingdata.tech/nlcs/def/b60398de-34f8-4300-8826-acdb4f01f561","ACO","","ACO-BETON_BALLAST-SODMM","BETON_BALLAST","SODMM","1","ballastbeton","50,0,0,2.09792,-2.99614,.381,-4.191 355,0,0,-1.035208,3.74516,.3048,-3.3528 100.451,.30364,-0.026565,2.91114,-3.5254,.3238,-3.5618 46.1842,0,1.016,3.14686,-4.4942,.5715,-6.2865 96.6356,.451798,.94593,4.3667,-5.2881,.4857,-5.3427 351.184,0,1.016,3.93358,5.61774,.4572,-5.0292 21,.508,.762,2.09792,-2.99614,.381,-4.191 326,.508,.762,-1.035208,3.74516,.3048,-3.3528 71.4514,.76069,.591558,2.91114,-3.5254,.3238,-3.5618 37.5,0,0,1.078484,1.304036,0,-3.31216,0,-3.4036,0,-3.3655 7.5,0,0,1.586484,1.812036,0,-1.94056,0,-3.23596,0,-1.2827 -32.5,-1.13284,0,2.34868,1.360424,0,-1.27,0,-3.9624,0,-5.2578 -42.5,-1.64084,0,1.840688,2.37642,0,-1.651,0,-2.63144,0,-3.7338 45,0,0,0,5","https://github.com/nl-digigo/NLCS/tree/main/arceringen/concept/5.1/ACO-BETON_BALLAST-SODMM.pat"
"BETON","http://digitalbuildingdata.tech/nlcs/def/9a1d5bff-7a0b-486e-8382-e62a69dd74c7","5","http://digitalbuildingdata.tech/nlcs/def/b60398de-34f8-4300-8826-acdb4f01f561","ACO","","ACO-BETON_DETAIL-SODMM","BETON_DETAIL","SODMM","1","betondetailraster","0,0,0,.3,.6,0,-.6","https://github.com/nl-digigo/NLCS/tree/main/arceringen/concept/5.1/ACO-BETON_DETAIL-SODMM.pat"
"BETON","http://digitalbuildingdata.tech/nlcs/def/ecd92572-484b-48f7-a999-1a3c81b78038","6","http://digitalbuildingdata.tech/nlcs/def/b60398de-34f8-4300-8826-acdb4f01f561","ACO","","ACO-BETON_GEWAPEND-SODMM","BETON_GEWAPEND","SODMM","1","gewapendbeton","45,0,0,0,2","https://github.com/nl-digigo/NLCS/tree/main/arceringen/concept/5.1/ACO-BETON_GEWAPEND-SODMM.pat"
"BETON","http://digitalbuildingdata.tech/nlcs/def/89d68e05-aa02-4cb2-87cb-f58050e4d186","7","http://digitalbuildingdata.tech/nlcs/def/b60398de-34f8-4300-8826-acdb4f01f561","ACO","","ACO-BETON_LICHT-SODMM","BETON_LICHT","SODMM","1","ballastbetonlicht","50,0,0,2.09792,-2.99614,.381,-4.191 355,0,0,-1.035208,3.74516,.3048,-3.3528 100.451,.30364,-0.026565,2.91114,-3.5254,.3238,-3.5618 46.1842,0,1.016,3.14686,-4.4942,.5715,-6.2865 96.6356,.451798,.94593,4.3667,-5.2881,.4857,-5.3427 351.184,0,1.016,3.93358,5.61774,.4572,-5.0292 21,.508,.762,2.09792,-2.99614,.381,-4.191 326,.508,.762,-1.035208,3.74516,.3048,-3.3528 71.4514,.76069,.591558,2.91114,-3.5254,.3238,-3.5618 37.5,0,0,1.078484,1.304036,0,-3.31216,0,-3.4036,0,-3.3655 7.5,0,0,1.586484,1.812036,0,-1.94056,0,-3.23596,0,-1.2827 -32.5,-1.13284,0,2.34868,1.360424,0,-1.27,0,-3.9624,0,-5.2578 -42.5,-1.64084,0,1.840688,2.37642,0,-1.651,0,-2.63144,0,-3.7338","https://github.com/nl-digigo/NLCS/tree/main/arceringen/concept/5.1/ACO-BETON_LICHT-SODMM.pat"
"BETON","http://digitalbuildingdata.tech/nlcs/def/efb8556b-d2eb-40d4-bde7-6fbef2daa5fc","8","http://digitalbuildingdata.tech/nlcs/def/b60398de-34f8-4300-8826-acdb4f01f561","ACO","","ACO-BETON_ONDERWATER-SODMM","BETON_ONDERWATER","SODMM","1","onderwaterbeton","45,0,0,0,5.0 45,3.5,0,0,5.0,2.5,-1.25","https://github.com/nl-digigo/NLCS/tree/main/arceringen/concept/5.1/ACO-BETON_ONDERWATER-SODMM.pat"
"BETON","http://digitalbuildingdata.tech/nlcs/def/2e24ffa9-084b-4290-856c-140a7e276478","9","http://digitalbuildingdata.tech/nlcs/def/b60398de-34f8-4300-8826-acdb4f01f561","ACO","","ACO-BETON_ONGEWAPEND-SODMM","BETON_ONGEWAPEND","SODMM","1","ongewapendbeton","45,0,0,0,8 45,0,4.8568,0,8 45,0,5.0568,0,8 45,0,5.2568,0,8 45,0,5.4568,0,8 45,0,5.6568,0,8","https://github.com/nl-digigo/NLCS/tree/main/arceringen/concept/5.1/ACO-BETON_ONGEWAPEND-SODMM.pat"