OMSCHRIJVING,STATUS,-,DISCIPLINE,-,HOOFDGROEP,-,OBJECT,_,SUBOBJECT01,_,SUBOBJECT02,_,SUBOBJECT03,_,SUBOBJECT04,_,SUBOBJECT05,-,BEWERKING,-,ELEMENT,-,SCHAAL,ARCERING,SYMBOOL,LAAGNAAM,B lineweight,B color,B color A,B color GD,B color GN,B color V,B linetype,N lineweight,N color,N color A,N color GD,N color GN,N color V,N linetype,V lineweight,V color,V color A,V color GD,V color GN,V color V,V linetype,T lineweight,T color,T color A,T color GD,T color GN,T color V,T linetype,VRKL_kort,VRKL_lang,VERSIE,WIJZIGING,STATUS,ID,KIND_VAN
AS,*,-,**,-,AM,-,AS,,,,,,,,,,,,,-,G/S,,,,SAM-AS,*-**-AM-AS-G/S,0.18,10,10,10,10,253,AM-AS-SO,0.18,10,10,10,10,253,AM-AS-SO,0.18,10,10,10,10,253,V-AM-AS-SO,0.18,10,10,10,10,253,AM-AS-SO,,,2.3,,,40,0
AS_BERMBEVEILIGINGSVOORZIENING,*,-,**,-,AM,-,AS,_,BERMBEVEILIGINGSVOORZIENING,,,,,,,,,,,-,G,,,,,*-**-AM-AS_BERMBEVEILIGINGSVOORZIENING-G,0.18,10,12,10,10,253,AM-AS-SO,0.18,10,12,10,10,253,AM-AS-SO,0.18,10,12,10,10,253,V-AM-AS-SO,0.18,10,12,10,10,253,AM-AS-SO,,,2.3,,,133,40
AS_CUNET,*,-,**,-,AM,-,AS,_,CUNET,,,,,,,,,,,-,G,,,,,*-**-AM-AS_CUNET-G,0.18,10,12,10,10,253,AM-AS-SO,0.18,10,12,10,10,253,AM-AS-SO,0.18,10,12,10,10,253,V-AM-AS-SO,0.18,10,12,10,10,253,AM-AS-SO,,,3.0,,NIEUW,143,40
AS_DIJK,*,-,**,-,AM,-,AS,_,DIJK,,,,,,,,,,,-,G,,,,,*-**-AM-AS_DIJK-G,0.18,10,12,10,10,253,AM-AS-SO,0.18,10,12,10,10,253,AM-AS-SO,0.18,10,12,10,10,253,V-AM-AS-SO,0.18,10,12,10,10,253,AM-AS-SO,,,2.3,,,134,40
AS_DIJK_WINTERDIJK,*,-,**,-,AM,-,AS,_,DIJK,_,WINTERDIJK,,,,,,,,,-,G,,,,,*-**-AM-AS_DIJK_WINTERDIJK-G,0.18,10,12,10,10,253,AM-AS-SO,0.18,10,12,10,10,253,AM-AS-SO,0.18,10,12,10,10,253,V-AM-AS-SO,0.18,10,12,10,10,253,AM-AS-SO,,,2.3,,,136,134
AS_DIJK_ZOMERDIJK,*,-,**,-,AM,-,AS,_,DIJK,_,ZOMERDIJK,,,,,,,,,-,G,,,,,*-**-AM-AS_DIJK_ZOMERDIJK-G,0.18,10,12,10,10,253,AM-AS-SO,0.18,10,12,10,10,253,AM-AS-SO,0.18,10,12,10,10,253,V-AM-AS-SO,0.18,10,12,10,10,253,AM-AS-SO,,,2.3,,,135,134
AS_GELUIDSWAL,*,-,**,-,AM,-,AS,_,GELUIDSWAL,,,,,,,,,,,-,G,,,,,*-**-AM-AS_GELUIDSWAL-G,0.18,10,12,10,10,253,AM-AS-SO,0.18,10,12,10,10,253,AM-AS-SO,0.18,10,12,10,10,253,V-AM-AS-SO,0.18,10,12,10,10,253,AM-AS-SO,,,3.0,,VERVALLEN,144,40
AS_GRONDKERENDECONSTRUCTIE,*,-,**,-,AM,-,AS,_,GRONDKERENDECONSTRUCTIE,,,,,,,,,,,-,G,,,,,*-**-AM-AS_GRONDKERENDECONSTRUCTIE-G,0.18,10,12,10,10,253,AM-AS-SO,0.18,10,12,10,10,253,AM-AS-SO,0.18,10,12,10,10,253,V-AM-AS-SO,0.18,10,12,10,10,253,AM-AS-SO,,,2.3,,,132,40
AS_KADE,*,-,**,-,AM,-,AS,_,KADE,,,,,,,,,,,-,G,,,,,*-**-AM-AS_KADE-G,0.18,10,12,10,10,253,AM-AS-SO,0.18,10,12,10,10,253,AM-AS-SO,0.18,10,12,10,10,253,V-AM-AS-SO,0.18,10,12,10,10,253,AM-AS-SO,,,2.3,,,137,40
AS_KERING,*,-,**,-,AM,-,AS,_,KERING,,,,,,,,,,,-,G,,,,,*-**-AM-AS_KERING-G,0.18,10,10,10,10,253,AM-AS-SO,0.18,10,10,10,10,253,AM-AS-SO,0.18,10,10,10,10,253,V-AM-AS-SO,0.18,10,10,10,10,253,AM-AS-SO,,,4.1,,NIEUW,3365,40
AS_KUNSTWERK,*,-,**,-,AM,-,AS,_,KUNSTWERK,,,,,,,,,,,-,G,,,,,*-**-AM-AS_KUNSTWERK-G,0.18,10,12,10,10,253,AM-AS-SO,0.18,10,12,10,10,253,AM-AS-SO,0.18,10,12,10,10,253,V-AM-AS-SO,0.18,10,12,10,10,253,AM-AS-SO,,,2.3,,,95,40
AS_KUNSTWERK_AQUADUCT,*,-,**,-,AM,-,AS,_,KUNSTWERK,_,AQUADUCT,,,,,,,,,-,G,,,,,*-**-AM-AS_KUNSTWERK_AQUADUCT-G,0.18,10,12,10,10,253,AM-AS-SO,0.18,10,12,10,10,253,AM-AS-SO,0.18,10,12,10,10,253,V-AM-AS-SO,0.18,10,12,10,10,253,AM-AS-SO,,,2.3,,,109,95
AS_KUNSTWERK_BRUG,*,-,**,-,AM,-,AS,_,KUNSTWERK,_,BRUG,,,,,,,,,-,G,,,,,*-**-AM-AS_KUNSTWERK_BRUG-G,0.18,10,12,10,10,253,AM-AS-SO,0.18,10,12,10,10,253,AM-AS-SO,0.18,10,12,10,10,253,V-AM-AS-SO,0.18,10,12,10,10,253,AM-AS-SO,,,2.3,,,110,95
AS_KUNSTWERK_BRUG_FIETS,*,-,**,-,AM,-,AS,_,KUNSTWERK,_,BRUG,_,FIETS,,,,,,,-,G,,,,,*-**-AM-AS_KUNSTWERK_BRUG_FIETS-G,0.18,10,12,10,10,253,AM-AS-SO,0.18,10,12,10,10,253,AM-AS-SO,0.18,10,12,10,10,253,V-AM-AS-SO,0.18,10,12,10,10,253,AM-AS-SO,,,2.3,,,113,110
AS_KUNSTWERK_BRUG_SPOOR,*,-,**,-,AM,-,AS,_,KUNSTWERK,_,BRUG,_,SPOOR,,,,,,,-,G,,,,,*-**-AM-AS_KUNSTWERK_BRUG_SPOOR-G,0.18,10,12,10,10,253,AM-AS-SO,0.18,10,12,10,10,253,AM-AS-SO,0.18,10,12,10,10,253,V-AM-AS-SO,0.18,10,12,10,10,253,AM-AS-SO,,,2.3,,,112,110
AS_KUNSTWERK_BRUG_VOETGANGER,*,-,**,-,AM,-,AS,_,KUNSTWERK,_,BRUG,_,VOETGANGER,,,,,,,-,G,,,,,*-**-AM-AS_KUNSTWERK_BRUG_VOETGANGER-G,0.18,10,12,10,10,253,AM-AS-SO,0.18,10,12,10,10,253,AM-AS-SO,0.18,10,12,10,10,253,V-AM-AS-SO,0.18,10,12,10,10,253,AM-AS-SO,,,2.3,,,114,110
AS_KUNSTWERK_BRUG_WEG,*,-,**,-,AM,-,AS,_,KUNSTWERK,_,BRUG,_,WEG,,,,,,,-,G,,,,,*-**-AM-AS_KUNSTWERK_BRUG_WEG-G,0.18,10,12,10,10,253,AM-AS-SO,0.18,10,12,10,10,253,AM-AS-SO,0.18,10,12,10,10,253,V-AM-AS-SO,0.18,10,12,10,10,253,AM-AS-SO,,,2.3,,,111,110
AS_KUNSTWERK_DUIKER,*,-,**,-,AM,-,AS,_,KUNSTWERK,_,DUIKER,,,,,,,,,-,G,,,,,*-**-AM-AS_KUNSTWERK_DUIKER-G,0.18,10,12,10,10,253,AM-AS-SO,0.18,10,12,10,10,253,AM-AS-SO,0.18,10,12,10,10,253,V-AM-AS-SO,0.18,10,12,10,10,253,AM-AS-SO,,,2.3,,,115,95
AS_KUNSTWERK_FLYOVER,*,-,**,-,AM,-,AS,_,KUNSTWERK,_,FLYOVER,,,,,,,,,-,G,,,,,*-**-AM-AS_KUNSTWERK_FLYOVER-G,0.18,10,12,10,10,253,AM-AS-SO,0.18,10,12,10,10,253,AM-AS-SO,0.18,10,12,10,10,253,V-AM-AS-SO,0.18,10,12,10,10,253,AM-AS-SO,,,2.3,,,122,95
AS_KUNSTWERK_GELUIDSWERENDEVOORZIENING,*,-,**,-,AM,-,AS,_,KUNSTWERK,_,GELUIDSWERENDEVOORZIENING,,,,,,,,,-,G,,,,,*-**-AM-AS_KUNSTWERK_GELUIDSWERENDEVOORZIENING-G,0.18,10,12,10,10,253,AM-AS-SO,0.18,10,12,10,10,253,AM-AS-SO,0.18,10,12,10,10,253,V-AM-AS-SO,0.18,10,12,10,10,253,AM-AS-SO,,,2.3,,,131,95
AS_KUNSTWERK_SLUIS,*,-,**,-,AM,-,AS,_,KUNSTWERK,_,SLUIS,,,,,,,,,-,G,,,,,*-**-AM-AS_KUNSTWERK_SLUIS-G,0.18,10,12,10,10,253,AM-AS-SO,0.18,10,12,10,10,253,AM-AS-SO,0.18,10,12,10,10,253,V-AM-AS-SO,0.18,10,12,10,10,253,AM-AS-SO,,,2.3,,,123,95
AS_KUNSTWERK_SLUIS_INLAATSLUIS,*,-,**,-,AM,-,AS,_,KUNSTWERK,_,SLUIS,_,INLAATSLUIS,,,,,,,-,G,,,,,*-**-AM-AS_KUNSTWERK_SLUIS_INLAATSLUIS-G,0.18,10,12,10,10,253,AM-AS-SO,0.18,10,12,10,10,253,AM-AS-SO,0.18,10,12,10,10,253,V-AM-AS-SO,0.18,10,12,10,10,253,AM-AS-SO,,,2.3,,,126,123
AS_KUNSTWERK_SLUIS_INNUNDATIESLUIS,*,-,**,-,AM,-,AS,_,KUNSTWERK,_,SLUIS,_,INNUNDATIESLUIS,,,,,,,-,G,,,,,*-**-AM-AS_KUNSTWERK_SLUIS_INNUNDATIESLUIS-G,0.18,10,12,10,10,253,AM-AS-SO,0.18,10,12,10,10,253,AM-AS-SO,0.18,10,12,10,10,253,V-AM-AS-SO,0.18,10,12,10,10,253,AM-AS-SO,,,2.3,,,127,123
AS_KUNSTWERK_SLUIS_KEERSLUIS,*,-,**,-,AM,-,AS,_,KUNSTWERK,_,SLUIS,_,KEERSLUIS,,,,,,,-,G,,,,,*-**-AM-AS_KUNSTWERK_SLUIS_KEERSLUIS-G,0.18,10,12,10,10,253,AM-AS-SO,0.18,10,12,10,10,253,AM-AS-SO,0.18,10,12,10,10,253,V-AM-AS-SO,0.18,10,12,10,10,253,AM-AS-SO,,,2.3,,,128,123
AS_KUNSTWERK_SLUIS_SCHUTSLUIS,*,-,**,-,AM,-,AS,_,KUNSTWERK,_,SLUIS,_,SCHUTSLUIS,,,,,,,-,G,,,,,*-**-AM-AS_KUNSTWERK_SLUIS_SCHUTSLUIS-G,0.18,10,12,10,10,253,AM-AS-SO,0.18,10,12,10,10,253,AM-AS-SO,0.18,10,12,10,10,253,V-AM-AS-SO,0.18,10,12,10,10,253,AM-AS-SO,,,2.3,,,124,123
AS_KUNSTWERK_SLUIS_TIJSLUIS,*,-,**,-,AM,-,AS,_,KUNSTWERK,_,SLUIS,_,TIJSLUIS,,,,,,,-,G,,,,,*-**-AM-AS_KUNSTWERK_SLUIS_TIJSLUIS-G,0.18,10,12,10,10,253,AM-AS-SO,0.18,10,12,10,10,253,AM-AS-SO,0.18,10,12,10,10,253,V-AM-AS-SO,0.18,10,12,10,10,253,AM-AS-SO,,,2.3,,,129,123
AS_KUNSTWERK_SLUIS_UITWATERINGSSLUIS,*,-,**,-,AM,-,AS,_,KUNSTWERK,_,SLUIS,_,UITWATERINGSSLUIS,,,,,,,-,G,,,,,*-**-AM-AS_KUNSTWERK_SLUIS_UITWATERINGSSLUIS-G,0.18,10,12,10,10,253,AM-AS-SO,0.18,10,12,10,10,253,AM-AS-SO,0.18,10,12,10,10,253,V-AM-AS-SO,0.18,10,12,10,10,253,AM-AS-SO,,,3.2,,GEWIJZIGD,125,123
AS_KUNSTWERK_STUW,*,-,**,-,AM,-,AS,_,KUNSTWERK,_,STUW,,,,,,,,,-,G,,,,,*-**-AM-AS_KUNSTWERK_STUW-G,0.18,10,12,10,10,253,AM-AS-SO,0.18,10,12,10,10,253,AM-AS-SO,0.18,10,12,10,10,253,V-AM-AS-SO,0.18,10,12,10,10,253,AM-AS-SO,,,2.3,,,130,95
AS_KUNSTWERK_TUNNEL,*,-,**,-,AM,-,AS,_,KUNSTWERK,_,TUNNEL,,,,,,,,,-,G,,,,,*-**-AM-AS_KUNSTWERK_TUNNEL-G,0.18,10,12,10,10,253,AM-AS-SO,0.18,10,12,10,10,253,AM-AS-SO,0.18,10,12,10,10,253,V-AM-AS-SO,0.18,10,12,10,10,253,AM-AS-SO,,,2.3,,,101,95
AS_KUNSTWERK_TUNNEL_FIETS,*,-,**,-,AM,-,AS,_,KUNSTWERK,_,TUNNEL,_,FIETS,,,,,,,-,G,,,,,*-**-AM-AS_KUNSTWERK_TUNNEL_FIETS-G,0.18,10,12,10,10,253,AM-AS-SO,0.18,10,12,10,10,253,AM-AS-SO,0.18,10,12,10,10,253,V-AM-AS-SO,0.18,10,12,10,10,253,AM-AS-SO,,,2.3,,,104,101
AS_KUNSTWERK_TUNNEL_SPOOR,*,-,**,-,AM,-,AS,_,KUNSTWERK,_,TUNNEL,_,SPOOR,,,,,,,-,G,,,,,*-**-AM-AS_KUNSTWERK_TUNNEL_SPOOR-G,0.18,10,12,10,10,253,AM-AS-SO,0.18,10,12,10,10,253,AM-AS-SO,0.18,10,12,10,10,253,V-AM-AS-SO,0.18,10,12,10,10,253,AM-AS-SO,,,2.3,,,103,101
AS_KUNSTWERK_TUNNEL_VOETGANGER,*,-,**,-,AM,-,AS,_,KUNSTWERK,_,TUNNEL,_,VOETGANGER,,,,,,,-,G,,,,,*-**-AM-AS_KUNSTWERK_TUNNEL_VOETGANGER-G,0.18,10,12,10,10,253,AM-AS-SO,0.18,10,12,10,10,253,AM-AS-SO,0.18,10,12,10,10,253,V-AM-AS-SO,0.18,10,12,10,10,253,AM-AS-SO,,,2.3,,,105,101
AS_KUNSTWERK_TUNNEL_WEG,*,-,**,-,AM,-,AS,_,KUNSTWERK,_,TUNNEL,_,WEG,,,,,,,-,G,,,,,*-**-AM-AS_KUNSTWERK_TUNNEL_WEG-G,0.18,10,12,10,10,253,AM-AS-SO,0.18,10,12,10,10,253,AM-AS-SO,0.18,10,12,10,10,253,V-AM-AS-SO,0.18,10,12,10,10,253,AM-AS-SO,,,2.3,,,102,101
AS_KUNSTWERK_TUNNELBAK,*,-,**,-,AM,-,AS,_,KUNSTWERK,_,TUNNELBAK,,,,,,,,,-,G,,,,,*-**-AM-AS_KUNSTWERK_TUNNELBAK-G,0.18,10,12,10,10,253,AM-AS-SO,0.18,10,12,10,10,253,AM-AS-SO,0.18,10,12,10,10,253,V-AM-AS-SO,0.18,10,12,10,10,253,AM-AS-SO,,,2.3,,,106,95
AS_KUNSTWERK_TUNNELBAK_SPOOR,*,-,**,-,AM,-,AS,_,KUNSTWERK,_,TUNNELBAK,_,SPOOR,,,,,,,-,G,,,,,*-**-AM-AS_KUNSTWERK_TUNNELBAK_SPOOR-G,0.18,10,12,10,10,253,AM-AS-SO,0.18,10,12,10,10,253,AM-AS-SO,0.18,10,12,10,10,253,V-AM-AS-SO,0.18,10,12,10,10,253,AM-AS-SO,,,2.3,,,108,106
AS_KUNSTWERK_TUNNELBAK_WEG,*,-,**,-,AM,-,AS,_,KUNSTWERK,_,TUNNELBAK,_,WEG,,,,,,,-,G,,,,,*-**-AM-AS_KUNSTWERK_TUNNELBAK_WEG-G,0.18,10,12,10,10,253,AM-AS-SO,0.18,10,12,10,10,253,AM-AS-SO,0.18,10,12,10,10,253,V-AM-AS-SO,0.18,10,12,10,10,253,AM-AS-SO,,,2.3,,,107,106
AS_KUNSTWERK_VIADUCT,*,-,**,-,AM,-,AS,_,KUNSTWERK,_,VIADUCT,,,,,,,,,-,G,,,,,*-**-AM-AS_KUNSTWERK_VIADUCT-G,0.18,10,12,10,10,253,AM-AS-SO,0.18,10,12,10,10,253,AM-AS-SO,0.18,10,12,10,10,253,V-AM-AS-SO,0.18,10,12,10,10,253,AM-AS-SO,,,2.3,,,96,95
AS_KUNSTWERK_VIADUCT_FIETS,*,-,**,-,AM,-,AS,_,KUNSTWERK,_,VIADUCT,_,FIETS,,,,,,,-,G,,,,,*-**-AM-AS_KUNSTWERK_VIADUCT_FIETS-G,0.18,10,12,10,10,253,AM-AS-SO,0.18,10,12,10,10,253,AM-AS-SO,0.18,10,12,10,10,253,V-AM-AS-SO,0.18,10,12,10,10,253,AM-AS-SO,,,2.3,,,99,96
AS_KUNSTWERK_VIADUCT_SPOOR,*,-,**,-,AM,-,AS,_,KUNSTWERK,_,VIADUCT,_,SPOOR,,,,,,,-,G,,,,,*-**-AM-AS_KUNSTWERK_VIADUCT_SPOOR-G,0.18,10,12,10,10,253,AM-AS-SO,0.18,10,12,10,10,253,AM-AS-SO,0.18,10,12,10,10,253,V-AM-AS-SO,0.18,10,12,10,10,253,AM-AS-SO,,,2.3,,,98,96
AS_KUNSTWERK_VIADUCT_VOETGANGER,*,-,**,-,AM,-,AS,_,KUNSTWERK,_,VIADUCT,_,VOETGANGER,,,,,,,-,G,,,,,*-**-AM-AS_KUNSTWERK_VIADUCT_VOETGANGER-G,0.18,10,12,10,10,253,AM-AS-SO,0.18,10,12,10,10,253,AM-AS-SO,0.18,10,12,10,10,253,V-AM-AS-SO,0.18,10,12,10,10,253,AM-AS-SO,,,2.3,,,100,96
AS_KUNSTWERK_VIADUCT_WEG,*,-,**,-,AM,-,AS,_,KUNSTWERK,_,VIADUCT,_,WEG,,,,,,,-,G,,,,,*-**-AM-AS_KUNSTWERK_VIADUCT_WEG-G,0.18,10,12,10,10,253,AM-AS-SO,0.18,10,12,10,10,253,AM-AS-SO,0.18,10,12,10,10,253,V-AM-AS-SO,0.18,10,12,10,10,253,AM-AS-SO,,,2.3,,,97,96
AS_KUNSTWERK_WILDWISSEL,*,-,**,-,AM,-,AS,_,KUNSTWERK,_,WILDWISSEL,,,,,,,,,-,G,,,,,*-**-AM-AS_KUNSTWERK_WILDWISSEL-G,0.18,10,12,10,10,253,AM-AS-SO,0.18,10,12,10,10,253,AM-AS-SO,0.18,10,12,10,10,253,V-AM-AS-SO,0.18,10,12,10,10,253,AM-AS-SO,,,2.3,,,116,95
AS_KUNSTWERK_WILDWISSEL_ECODUCT,*,-,**,-,AM,-,AS,_,KUNSTWERK,_,WILDWISSEL,_,ECODUCT,,,,,,,-,G,,,,,*-**-AM-AS_KUNSTWERK_WILDWISSEL_ECODUCT-G,0.18,10,12,10,10,253,AM-AS-SO,0.18,10,12,10,10,253,AM-AS-SO,0.18,10,12,10,10,253,V-AM-AS-SO,0.18,10,12,10,10,253,AM-AS-SO,,,2.3,,,117,116
AS_KUNSTWERK_WILDWISSEL_ECODUCT_WILDVIADUCT,*,-,**,-,AM,-,AS,_,KUNSTWERK,_,WILDWISSEL,_,ECODUCT,_,WILDVIADUCT,,,,,-,G,,,,,*-**-AM-AS_KUNSTWERK_WILDWISSEL_ECODUCT_WILDVIADUCT-G,0.18,10,12,10,10,253,AM-AS-SO,0.18,10,12,10,10,253,AM-AS-SO,0.18,10,12,10,10,253,V-AM-AS-SO,0.18,10,12,10,10,253,AM-AS-SO,,,2.3,,,118,117
AS_KUNSTWERK_WILDWISSEL_ECOTUNNEL,*,-,**,-,AM,-,AS,_,KUNSTWERK,_,WILDWISSEL,_,ECOTUNNEL,,,,,,,-,G,,,,,*-**-AM-AS_KUNSTWERK_WILDWISSEL_ECOTUNNEL-G,0.18,10,12,10,10,253,AM-AS-SO,0.18,10,12,10,10,253,AM-AS-SO,0.18,10,12,10,10,253,V-AM-AS-SO,0.18,10,12,10,10,253,AM-AS-SO,,,2.3,,,119,116
AS_KUNSTWERK_WILDWISSEL_ECOTUNNEL_VEETUNNEL,*,-,**,-,AM,-,AS,_,KUNSTWERK,_,WILDWISSEL,_,ECOTUNNEL,_,VEETUNNEL,,,,,-,G,,,,,*-**-AM-AS_KUNSTWERK_WILDWISSEL_ECOTUNNEL_VEETUNNEL-G,0.18,10,12,10,10,253,AM-AS-SO,0.18,10,12,10,10,253,AM-AS-SO,0.18,10,12,10,10,253,V-AM-AS-SO,0.18,10,12,10,10,253,AM-AS-SO,,,2.3,,,120,119
AS_KUNSTWERK_WILDWISSEL_ECOTUNNEL_WILDTUNNEL,*,-,**,-,AM,-,AS,_,KUNSTWERK,_,WILDWISSEL,_,ECOTUNNEL,_,WILDTUNNEL,,,,,-,G,,,,,*-**-AM-AS_KUNSTWERK_WILDWISSEL_ECOTUNNEL_WILDTUNNEL-G,0.18,10,12,10,10,253,AM-AS-SO,0.18,10,12,10,10,253,AM-AS-SO,0.18,10,12,10,10,253,V-AM-AS-SO,0.18,10,12,10,10,253,AM-AS-SO,,,2.3,,,121,119
AS_PAD,*,-,**,-,AM,-,AS,_,PAD,,,,,,,,,,,-,G,,,,,*-**-AM-AS_PAD-G,0.18,10,10,10,10,253,AM-AS-SO,0.18,10,10,10,10,253,AM-AS-SO,0.18,10,10,10,10,253,V-AM-AS-SO,0.18,10,10,10,10,253,AM-AS-SO,,,2.3,,,79,40
AS_PAD_FIETSPAD,*,-,**,-,AM,-,AS,_,PAD,_,FIETSPAD,,,,,,,,,-,G,,,,,*-**-AM-AS_PAD_FIETSPAD-G,0.18,10,10,10,10,253,AM-AS-SO,0.18,10,10,10,10,253,AM-AS-SO,0.18,10,10,10,10,253,V-AM-AS-SO,0.18,10,10,10,10,253,AM-AS-SO,,,2.3,,,80,79
AS_PAD_FIETSPAD_CIRKEL,*,-,**,-,AM,-,AS,_,PAD,_,FIETSPAD,_,CIRKEL,,,,,,,-,G,,,,,*-**-AM-AS_PAD_FIETSPAD_CIRKEL-G,0.18,90,90,90,90,253,AM-AS-SO,0.18,90,90,90,90,253,AM-AS-SO,0.18,90,90,90,90,253,V-AM-AS-SO,0.18,90,90,90,90,253,AM-AS-SO,,,2.3,,,82,80
AS_PAD_FIETSPAD_RECHT,*,-,**,-,AM,-,AS,_,PAD,_,FIETSPAD,_,RECHT,,,,,,,-,G,,,,,*-**-AM-AS_PAD_FIETSPAD_RECHT-G,0.18,50,50,50,50,253,AM-AS-SO,0.18,50,50,50,50,253,AM-AS-SO,0.18,50,50,50,50,253,V-AM-AS-SO,0.18,50,50,50,50,253,AM-AS-SO,,,2.3,,,81,80
AS_PAD_RUITERPAD,*,-,**,-,AM,-,AS,_,PAD,_,RUITERPAD,,,,,,,,,-,G,,,,,*-**-AM-AS_PAD_RUITERPAD-G,0.18,10,10,10,10,253,AM-AS-SO,0.18,10,10,10,10,253,AM-AS-SO,0.18,10,10,10,10,253,V-AM-AS-SO,0.18,10,10,10,10,253,AM-AS-SO,,,2.3,,,86,79
AS_PAD_VOETPAD,*,-,**,-,AM,-,AS,_,PAD,_,VOETPAD,,,,,,,,,-,G,,,,,*-**-AM-AS_PAD_VOETPAD-G,0.18,10,10,10,10,253,AM-AS-SO,0.18,10,10,10,10,253,AM-AS-SO,0.18,10,10,10,10,253,V-AM-AS-SO,0.18,10,10,10,10,253,AM-AS-SO,,,2.3,,,83,79
AS_PAD_VOETPAD_CIRKEL,*,-,**,-,AM,-,AS,_,PAD,_,VOETPAD,_,CIRKEL,,,,,,,-,G,,,,,*-**-AM-AS_PAD_VOETPAD_CIRKEL-G,0.18,90,90,90,90,253,AM-AS-SO,0.18,90,90,90,90,253,AM-AS-SO,0.18,90,90,90,90,253,V-AM-AS-SO,0.18,90,90,90,90,253,AM-AS-SO,,,2.3,,,85,83
AS_PAD_VOETPAD_RECHT,*,-,**,-,AM,-,AS,_,PAD,_,VOETPAD,_,RECHT,,,,,,,-,G,,,,,*-**-AM-AS_PAD_VOETPAD_RECHT-G,0.18,50,50,50,50,253,AM-AS-SO,0.18,50,50,50,50,253,AM-AS-SO,0.18,50,50,50,50,253,V-AM-AS-SO,0.18,50,50,50,50,253,AM-AS-SO,,,2.3,,,84,83
AS_PUNTNUMMER,*,-,**,-,AM,-,AS,_,PUNTNUMMER,,,,,,,,,,,-,G/S,,,,SAM-ASPUNTNUMMER,*-**-AM-AS_PUNTNUMMER-G/S,0.18,10,10,10,10,253,AM-AS-SO,0.18,10,10,10,10,253,AM-AS-SO,0.18,10,10,10,10,253,V-AM-AS-SO,0.18,10,10,10,10,253,AM-AS-SO,,,2.5,,,41,40
AS_SLOOT,*,-,**,-,AM,-,AS,_,SLOOT,,,,,,,,,,,-,G,,,,,*-**-AM-AS_SLOOT-G,0.18,10,12,10,10,253,AM-AS-SO,0.18,10,12,10,10,253,AM-AS-SO,0.18,10,12,10,10,253,V-AM-AS-SO,0.18,10,12,10,10,253,AM-AS-SO,,,3.0,,VERVALLEN,138,40
AS_SPOOR,*,-,**,-,AM,-,AS,_,SPOOR,,,,,,,,,,,-,G,,,,,*-**-AM-AS_SPOOR-G,0.18,10,10,10,10,253,AM-AS-SO,0.18,10,10,10,10,253,AM-AS-SO,0.18,10,10,10,10,253,V-AM-AS-SO,0.18,10,10,10,10,253,AM-AS-SO,,,2.3,,,87,40
AS_SPOOR_KRAAN,*,-,**,-,AM,-,AS,_,SPOOR,_,KRAAN,,,,,,,,,-,G,,,,,*-**-AM-AS_SPOOR_KRAAN-G,0.18,10,10,10,10,253,AM-AS-SO,0.18,10,10,10,10,253,AM-AS-SO,0.18,10,10,10,10,253,V-AM-AS-SO,0.18,10,10,10,10,253,AM-AS-SO,,,5.0,,NIEUW,4034,87
AS_SPOOR_METRO,*,-,**,-,AM,-,AS,_,SPOOR,_,METRO,,,,,,,,,-,G,,,,,*-**-AM-AS_SPOOR_METRO-G,0.18,10,10,10,10,253,AM-AS-SO,0.18,10,10,10,10,253,AM-AS-SO,0.18,10,10,10,10,253,V-AM-AS-SO,0.18,10,10,10,10,253,AM-AS-SO,,,4.0,,NIEUW,3088,87
AS_SPOOR_RAIL,*,-,**,-,AM,-,AS,_,SPOOR,_,RAIL,,,,,,,,,-,G,,,,,*-**-AM-AS_SPOOR_RAIL-G,0.18,10,10,10,10,253,AM-AS-SO,0.18,10,10,10,10,253,AM-AS-SO,0.18,10,10,10,10,253,V-AM-AS-SO,0.18,10,10,10,10,253,AM-AS-SO,,,2.3,,,88,87
AS_SPOOR_TRAM,*,-,**,-,AM,-,AS,_,SPOOR,_,TRAM,,,,,,,,,-,G,,,,,*-**-AM-AS_SPOOR_TRAM-G,0.18,10,10,10,10,253,AM-AS-SO,0.18,10,10,10,10,253,AM-AS-SO,0.18,10,10,10,10,253,V-AM-AS-SO,0.18,10,10,10,10,253,AM-AS-SO,,,4.0,,NIEUW,3089,87
AS_SPOOR_TREIN,*,-,**,-,AM,-,AS,_,SPOOR,_,TREIN,,,,,,,,,-,G,,,,,*-**-AM-AS_SPOOR_TREIN-G,0.18,10,10,10,10,253,AM-AS-SO,0.18,10,10,10,10,253,AM-AS-SO,0.18,10,10,10,10,253,V-AM-AS-SO,0.18,10,10,10,10,253,AM-AS-SO,,,5.0,,NIEUW,4033,87
AS_WAL,*,-,**,-,AM,-,AS,_,WAL,,,,,,,,,,,-,G,,,,,*-**-AM-AS_WAL-G,0.18,10,12,10,10,253,AM-AS-SO,0.18,10,12,10,10,253,AM-AS-SO,0.18,10,12,10,10,253,V-AM-AS-SO,0.18,10,12,10,10,253,AM-AS-SO,,,3.0,,NIEUW,142,40
AS_WATERGANG,*,-,**,-,AM,-,AS,_,WATERGANG,,,,,,,,,,,-,G,,,,,*-**-AM-AS_WATERGANG-G,0.18,10,12,10,10,253,AM-AS-SO,0.18,10,12,10,10,253,AM-AS-SO,0.18,10,12,10,10,253,V-AM-AS-SO,0.18,10,12,10,10,253,AM-AS-SO,,,2.3,,,139,40
AS_WATERGANG_GREPPEL,*,-,**,-,AM,-,AS,_,WATERGANG,_,GREPPEL,,,,,,,,,-,G,,,,,*-**-AM-AS_WATERGANG_GREPPEL-G,0.18,10,12,10,10,253,AM-AS-SO,0.18,10,12,10,10,253,AM-AS-SO,0.18,10,12,10,10,253,V-AM-AS-SO,0.18,10,12,10,10,253,AM-AS-SO,,,3.0,,NIEUW,141,139
AS_WATERGANG_SLOOT,*,-,**,-,AM,-,AS,_,WATERGANG,_,SLOOT,,,,,,,,,-,G,,,,,*-**-AM-AS_WATERGANG_SLOOT-G,0.18,10,12,10,10,253,AM-AS-SO,0.18,10,12,10,10,253,AM-AS-SO,0.18,10,12,10,10,253,V-AM-AS-SO,0.18,10,12,10,10,253,AM-AS-SO,,,2.3,,,140,139
AS_WATERKERING,*,-,**,-,AM,-,AS,_,WATERKERING,,,,,,,,,,,-,G,,,,,*-**-AM-AS_WATERKERING-G,0.18,10,12,10,10,253,AM-AS-SO,0.18,10,12,10,10,253,AM-AS-SO,0.18,10,10,10,10,253,V-AM-AS-SO,0.18,10,10,10,10,253,AM-AS-SO,,,4.0,,NIEUW,3090,40
AS_WATERWEG,*,-,**,-,AM,-,AS,_,WATERWEG,,,,,,,,,,,-,G,,,,,*-**-AM-AS_WATERWEG-G,0.18,10,10,10,10,253,AM-AS-SO,0.18,10,10,10,10,253,AM-AS-SO,0.18,10,10,10,10,253,V-AM-AS-SO,0.18,10,10,10,10,253,AM-AS-SO,,,2.3,,,89,40
AS_WATERWEG_BEEK,*,-,**,-,AM,-,AS,_,WATERWEG,_,BEEK,,,,,,,,,-,G,,,,,*-**-AM-AS_WATERWEG_BEEK-G,0.18,10,12,10,10,253,AM-AS-SO,0.18,10,12,10,10,253,AM-AS-SO,0.18,10,10,10,10,253,V-AM-AS-SO,0.18,10,10,10,10,253,AM-AS-SO,,,4.0,,NIEUW,3091,89
AS_WATERWEG_GRACHT,*,-,**,-,AM,-,AS,_,WATERWEG,_,GRACHT,,,,,,,,,-,G,,,,,*-**-AM-AS_WATERWEG_GRACHT-G,0.18,10,12,10,10,253,AM-AS-SO,0.18,10,12,10,10,253,AM-AS-SO,0.18,10,10,10,10,253,V-AM-AS-SO,0.18,10,10,10,10,253,AM-AS-SO,,,4.0,,NIEUW,3092,89
AS_WATERWEG_HOOFDVAARWEG,*,-,**,-,AM,-,AS,_,WATERWEG,_,HOOFDVAARWEG,,,,,,,,,-,G,,,,,*-**-AM-AS_WATERWEG_HOOFDVAARWEG-G,0.18,10,10,10,10,253,AM-AS-SO,0.18,10,10,10,10,253,AM-AS-SO,0.18,10,10,10,10,253,V-AM-AS-SO,0.18,10,10,10,10,253,AM-AS-SO,,,2.3,,,90,89
AS_WATERWEG_KANAAL,*,-,**,-,AM,-,AS,_,WATERWEG,_,KANAAL,,,,,,,,,-,G,,,,,*-**-AM-AS_WATERWEG_KANAAL-G,0.18,10,12,10,10,253,AM-AS-SO,0.18,10,12,10,10,253,AM-AS-SO,0.18,10,12,10,10,253,V-AM-AS-SO,0.18,10,12,10,10,253,AM-AS-SO,,,2.3,,,94,89
AS_WATERWEG_NEVENGEUL,*,-,**,-,AM,-,AS,_,WATERWEG,_,NEVENGEUL,,,,,,,,,-,G,,,,,*-**-AM-AS_WATERWEG_NEVENGEUL-G,0.18,10,12,10,10,253,AM-AS-SO,0.18,10,12,10,10,253,AM-AS-SO,0.18,10,12,10,10,253,V-AM-AS-SO,0.18,10,12,10,10,253,AM-AS-SO,,,2.3,,,93,89
AS_WATERWEG_NEVENVAARWEG,*,-,**,-,AM,-,AS,_,WATERWEG,_,NEVENVAARWEG,,,,,,,,,-,G,,,,,*-**-AM-AS_WATERWEG_NEVENVAARWEG-G,0.18,10,10,10,10,253,AM-AS-SO,0.18,10,10,10,10,253,AM-AS-SO,0.18,10,10,10,10,253,V-AM-AS-SO,0.18,10,10,10,10,253,AM-AS-SO,,,2.3,,,91,89
AS_WATERWEG_RIVIER,*,-,**,-,AM,-,AS,_,WATERWEG,_,RIVIER,,,,,,,,,-,G,,,,,*-**-AM-AS_WATERWEG_RIVIER-G,0.18,10,12,10,10,253,AM-AS-SO,0.18,10,12,10,10,253,AM-AS-SO,0.18,10,10,10,10,253,V-AM-AS-SO,0.18,10,10,10,10,253,AM-AS-SO,,,4.0,,NIEUW,3093,89
AS_WATERWEG_VAARGEUL,*,-,**,-,AM,-,AS,_,WATERWEG,_,VAARGEUL,,,,,,,,,-,G,,,,,*-**-AM-AS_WATERWEG_VAARGEUL-G,0.18,10,10,10,10,253,AM-AS-SO,0.18,10,10,10,10,253,AM-AS-SO,0.18,10,10,10,10,253,V-AM-AS-SO,0.18,10,10,10,10,253,AM-AS-SO,,,2.3,,,92,89
AS_WEG,*,-,**,-,AM,-,AS,_,WEG,,,,,,,,,,,-,G,,,,,*-**-AM-AS_WEG-G,0.18,10,10,10,10,253,AM-AS-SO,0.18,10,10,10,10,253,AM-AS-SO,0.18,10,10,10,10,253,V-AM-AS-SO,0.18,10,10,10,10,253,AM-AS-SO,,,2.3,,,42,40
AS_WEG_BUSBAAN,*,-,**,-,AM,-,AS,_,WEG,_,BUSBAAN,,,,,,,,,-,G,,,,,*-**-AM-AS_WEG_BUSBAAN-G,0.18,10,10,10,10,253,AM-AS-SO,0.18,10,10,10,10,253,AM-AS-SO,0.18,10,10,10,10,253,V-AM-AS-SO,0.18,10,10,10,10,253,AM-AS-SO,,,2.3,,,55,42
AS_WEG_BUSBAAN_CIRKEL,*,-,**,-,AM,-,AS,_,WEG,_,BUSBAAN,_,CIRKEL,,,,,,,-,G,,,,,*-**-AM-AS_WEG_BUSBAAN_CIRKEL-G,0.18,90,90,90,90,253,AM-AS-SO,0.18,90,90,90,90,253,AM-AS-SO,0.18,90,90,90,90,253,V-AM-AS-SO,0.18,90,90,90,90,253,AM-AS-SO,,,2.3,,,57,55
AS_WEG_BUSBAAN_OVERGANG,*,-,**,-,AM,-,AS,_,WEG,_,BUSBAAN,_,OVERGANG,,,,,,,-,G,,,,,*-**-AM-AS_WEG_BUSBAAN_OVERGANG-G,0.18,130,130,130,130,253,AM-AS-SO,0.18,130,130,130,130,253,AM-AS-SO,0.18,130,130,130,130,253,V-AM-AS-SO,0.18,130,130,130,130,253,AM-AS-SO,,,2.3,,,58,55
AS_WEG_BUSBAAN_RECHT,*,-,**,-,AM,-,AS,_,WEG,_,BUSBAAN,_,RECHT,,,,,,,-,G,,,,,*-**-AM-AS_WEG_BUSBAAN_RECHT-G,0.18,50,50,50,50,253,AM-AS-SO,0.18,50,50,50,50,253,AM-AS-SO,0.18,50,50,50,50,253,V-AM-AS-SO,0.18,50,50,50,50,253,AM-AS-SO,,,2.3,,,56,55
AS_WEG_EIGENWEG,*,-,**,-,AM,-,AS,_,WEG,_,EIGENWEG,,,,,,,,,-,G,,,,,*-**-AM-AS_WEG_EIGENWEG-G,0.18,10,10,10,10,253,AM-AS-SO,0.18,10,10,10,10,253,AM-AS-SO,0.18,10,10,10,10,253,V-AM-AS-SO,0.18,10,10,10,10,253,AM-AS-SO,,,2.3,,,75,42
AS_WEG_EIGENWEG_CIRKEL,*,-,**,-,AM,-,AS,_,WEG,_,EIGENWEG,_,CIRKEL,,,,,,,-,G,,,,,*-**-AM-AS_WEG_EIGENWEG_CIRKEL-G,0.18,90,90,90,90,253,AM-AS-SO,0.18,90,90,90,90,253,AM-AS-SO,0.18,90,90,90,90,253,V-AM-AS-SO,0.18,90,90,90,90,253,AM-AS-SO,,,2.3,,,77,75
AS_WEG_EIGENWEG_OVERGANG,*,-,**,-,AM,-,AS,_,WEG,_,EIGENWEG,_,OVERGANG,,,,,,,-,G,,,,,*-**-AM-AS_WEG_EIGENWEG_OVERGANG-G,0.18,130,130,130,130,253,AM-AS-SO,0.18,130,130,130,130,253,AM-AS-SO,0.18,130,130,130,130,253,V-AM-AS-SO,0.18,130,130,130,130,253,AM-AS-SO,,,2.3,,,78,75
AS_WEG_EIGENWEG_RECHT,*,-,**,-,AM,-,AS,_,WEG,_,EIGENWEG,_,RECHT,,,,,,,-,G,,,,,*-**-AM-AS_WEG_EIGENWEG_RECHT-G,0.18,50,50,50,50,253,AM-AS-SO,0.18,50,50,50,50,253,AM-AS-SO,0.18,50,50,50,50,253,V-AM-AS-SO,0.18,50,50,50,50,253,AM-AS-SO,,,2.3,,,76,75
AS_WEG_ERFTOEGANGSWEG,*,-,**,-,AM,-,AS,_,WEG,_,ERFTOEGANGSWEG,,,,,,,,,-,G,,,,,*-**-AM-AS_WEG_ERFTOEGANGSWEG-G,0.18,10,10,10,10,253,AM-AS-SO,0.18,10,10,10,10,253,AM-AS-SO,0.18,10,10,10,10,253,V-AM-AS-SO,0.18,10,10,10,10,253,AM-AS-SO,,,2.3,,,67,42
AS_WEG_ERFTOEGANGSWEG_CIRKEL,*,-,**,-,AM,-,AS,_,WEG,_,ERFTOEGANGSWEG,_,CIRKEL,,,,,,,-,G,,,,,*-**-AM-AS_WEG_ERFTOEGANGSWEG_CIRKEL-G,0.18,90,90,90,90,253,AM-AS-SO,0.18,90,90,90,90,253,AM-AS-SO,0.18,90,90,90,90,253,V-AM-AS-SO,0.18,90,90,90,90,253,AM-AS-SO,,,2.3,,,69,67
AS_WEG_ERFTOEGANGSWEG_OVERGANG,*,-,**,-,AM,-,AS,_,WEG,_,ERFTOEGANGSWEG,_,OVERGANG,,,,,,,-,G,,,,,*-**-AM-AS_WEG_ERFTOEGANGSWEG_OVERGANG-G,0.18,130,130,130,130,253,AM-AS-SO,0.18,130,130,130,130,253,AM-AS-SO,0.18,130,130,130,130,253,V-AM-AS-SO,0.18,130,130,130,130,253,AM-AS-SO,,,2.3,,,70,67
AS_WEG_ERFTOEGANGSWEG_RECHT,*,-,**,-,AM,-,AS,_,WEG,_,ERFTOEGANGSWEG,_,RECHT,,,,,,,-,G,,,,,*-**-AM-AS_WEG_ERFTOEGANGSWEG_RECHT-G,0.18,50,50,50,50,253,AM-AS-SO,0.18,50,50,50,50,253,AM-AS-SO,0.18,50,50,50,50,253,V-AM-AS-SO,0.18,50,50,50,50,253,AM-AS-SO,,,2.3,,,68,67
AS_WEG_GEBIEDSONTSLUITINGSWEG,*,-,**,-,AM,-,AS,_,WEG,_,GEBIEDSONTSLUITINGSWEG,,,,,,,,,-,G,,,,,*-**-AM-AS_WEG_GEBIEDSONTSLUITINGSWEG-G,0.18,10,10,10,10,253,AM-AS-SO,0.18,10,10,10,10,253,AM-AS-SO,0.18,10,10,10,10,253,V-AM-AS-SO,0.18,10,10,10,10,253,AM-AS-SO,,,2.3,,,59,42
AS_WEG_GEBIEDSONTSLUITINGSWEG_CIRKEL,*,-,**,-,AM,-,AS,_,WEG,_,GEBIEDSONTSLUITINGSWEG,_,CIRKEL,,,,,,,-,G,,,,,*-**-AM-AS_WEG_GEBIEDSONTSLUITINGSWEG_CIRKEL-G,0.18,90,90,90,90,253,AM-AS-SO,0.18,90,90,90,90,253,AM-AS-SO,0.18,90,90,90,90,253,V-AM-AS-SO,0.18,90,90,90,90,253,AM-AS-SO,,,2.3,,,61,59
AS_WEG_GEBIEDSONTSLUITINGSWEG_OVERGANG,*,-,**,-,AM,-,AS,_,WEG,_,GEBIEDSONTSLUITINGSWEG,_,OVERGANG,,,,,,,-,G,,,,,*-**-AM-AS_WEG_GEBIEDSONTSLUITINGSWEG_OVERGANG-G,0.18,130,130,130,130,253,AM-AS-SO,0.18,130,130,130,130,253,AM-AS-SO,0.18,130,130,130,130,253,V-AM-AS-SO,0.18,130,130,130,130,253,AM-AS-SO,,,2.3,,,62,59
AS_WEG_GEBIEDSONTSLUITINGSWEG_RECHT,*,-,**,-,AM,-,AS,_,WEG,_,GEBIEDSONTSLUITINGSWEG,_,RECHT,,,,,,,-,G,,,,,*-**-AM-AS_WEG_GEBIEDSONTSLUITINGSWEG_RECHT-G,0.18,50,50,50,50,253,AM-AS-SO,0.18,50,50,50,50,253,AM-AS-SO,0.18,50,50,50,50,253,V-AM-AS-SO,0.18,50,50,50,50,253,AM-AS-SO,,,2.3,,,60,59
AS_WEG_HOOFDRIJBAAN,*,-,**,-,AM,-,AS,_,WEG,_,HOOFDRIJBAAN,,,,,,,,,-,G,,,,,*-**-AM-AS_WEG_HOOFDRIJBAAN-G,0.18,10,10,10,10,253,AM-AS-SO,0.18,10,10,10,10,253,AM-AS-SO,0.18,10,10,10,10,253,V-AM-AS-SO,0.18,10,10,10,10,253,AM-AS-SO,,,2.3,,,43,42
AS_WEG_HOOFDRIJBAAN_CIRKEL,*,-,**,-,AM,-,AS,_,WEG,_,HOOFDRIJBAAN,_,CIRKEL,,,,,,,-,G,,,,,*-**-AM-AS_WEG_HOOFDRIJBAAN_CIRKEL-G,0.18,90,90,90,90,253,AM-AS-SO,0.18,90,90,90,90,253,AM-AS-SO,0.18,90,90,90,90,253,V-AM-AS-SO,0.18,90,90,90,90,253,AM-AS-SO,,,2.3,,,45,43
AS_WEG_HOOFDRIJBAAN_OVERGANG,*,-,**,-,AM,-,AS,_,WEG,_,HOOFDRIJBAAN,_,OVERGANG,,,,,,,-,G,,,,,*-**-AM-AS_WEG_HOOFDRIJBAAN_OVERGANG-G,0.18,130,130,130,130,253,AM-AS-SO,0.18,130,130,130,130,253,AM-AS-SO,0.18,130,130,130,130,253,V-AM-AS-SO,0.18,130,130,130,130,253,AM-AS-SO,,,2.3,,,46,43
AS_WEG_HOOFDRIJBAAN_RECHT,*,-,**,-,AM,-,AS,_,WEG,_,HOOFDRIJBAAN,_,RECHT,,,,,,,-,G,,,,,*-**-AM-AS_WEG_HOOFDRIJBAAN_RECHT-G,0.18,50,50,50,50,253,AM-AS-SO,0.18,50,50,50,50,253,AM-AS-SO,0.18,50,50,50,50,253,V-AM-AS-SO,0.18,50,50,50,50,253,AM-AS-SO,,,2.3,,,44,43
AS_WEG_ONDERHOUDSWEG,*,-,**,-,AM,-,AS,_,WEG,_,ONDERHOUDSWEG,,,,,,,,,-,G,,,,,*-**-AM-AS_WEG_ONDERHOUDSWEG-G,0.18,10,10,10,10,253,AM-AS-SO,0.18,10,10,10,10,253,AM-AS-SO,0.18,10,10,10,10,253,V-AM-AS-SO,0.18,10,10,10,10,253,AM-AS-SO,,,2.3,,,71,42
AS_WEG_ONDERHOUDSWEG_CIRKEL,*,-,**,-,AM,-,AS,_,WEG,_,ONDERHOUDSWEG,_,CIRKEL,,,,,,,-,G,,,,,*-**-AM-AS_WEG_ONDERHOUDSWEG_CIRKEL-G,0.18,90,90,90,90,253,AM-AS-SO,0.18,90,90,90,90,253,AM-AS-SO,0.18,90,90,90,90,253,V-AM-AS-SO,0.18,90,90,90,90,253,AM-AS-SO,,,2.3,,,73,71
AS_WEG_ONDERHOUDSWEG_OVERGANG,*,-,**,-,AM,-,AS,_,WEG,_,ONDERHOUDSWEG,_,OVERGANG,,,,,,,-,G,,,,,*-**-AM-AS_WEG_ONDERHOUDSWEG_OVERGANG-G,0.18,130,130,130,130,253,AM-AS-SO,0.18,130,130,130,130,253,AM-AS-SO,0.18,130,130,130,130,253,V-AM-AS-SO,0.18,130,130,130,130,253,AM-AS-SO,,,2.3,,,74,71
AS_WEG_ONDERHOUDSWEG_RECHT,*,-,**,-,AM,-,AS,_,WEG,_,ONDERHOUDSWEG,_,RECHT,,,,,,,-,G,,,,,*-**-AM-AS_WEG_ONDERHOUDSWEG_RECHT-G,0.18,50,50,50,50,253,AM-AS-SO,0.18,50,50,50,50,253,AM-AS-SO,0.18,50,50,50,50,253,V-AM-AS-SO,0.18,50,50,50,50,253,AM-AS-SO,,,2.3,,,72,71
AS_WEG_PARALLELWEG,*,-,**,-,AM,-,AS,_,WEG,_,PARALLELWEG,,,,,,,,,-,G,,,,,*-**-AM-AS_WEG_PARALLELWEG-G,0.18,10,10,10,10,253,AM-AS-SO,0.18,10,10,10,10,253,AM-AS-SO,0.18,10,10,10,10,253,V-AM-AS-SO,0.18,10,10,10,10,253,AM-AS-SO,,,2.3,,,51,42
AS_WEG_PARALLELWEG_CIRKEL,*,-,**,-,AM,-,AS,_,WEG,_,PARALLELWEG,_,CIRKEL,,,,,,,-,G,,,,,*-**-AM-AS_WEG_PARALLELWEG_CIRKEL-G,0.18,90,90,90,90,253,AM-AS-SO,0.18,90,90,90,90,253,AM-AS-SO,0.18,90,90,90,90,253,V-AM-AS-SO,0.18,90,90,90,90,253,AM-AS-SO,,,2.3,,,53,51
AS_WEG_PARALLELWEG_OVERGANG,*,-,**,-,AM,-,AS,_,WEG,_,PARALLELWEG,_,OVERGANG,,,,,,,-,G,,,,,*-**-AM-AS_WEG_PARALLELWEG_OVERGANG-G,0.18,130,130,130,130,253,AM-AS-SO,0.18,130,130,130,130,253,AM-AS-SO,0.18,130,130,130,130,253,V-AM-AS-SO,0.18,130,130,130,130,253,AM-AS-SO,,,2.3,,,54,51
AS_WEG_PARALLELWEG_RECHT,*,-,**,-,AM,-,AS,_,WEG,_,PARALLELWEG,_,RECHT,,,,,,,-,G,,,,,*-**-AM-AS_WEG_PARALLELWEG_RECHT-G,0.18,50,50,50,50,253,AM-AS-SO,0.18,50,50,50,50,253,AM-AS-SO,0.18,50,50,50,50,253,V-AM-AS-SO,0.18,50,50,50,50,253,AM-AS-SO,,,2.3,,,52,51
AS_WEG_STROOMWEG,*,-,**,-,AM,-,AS,_,WEG,_,STROOMWEG,,,,,,,,,-,G,,,,,*-**-AM-AS_WEG_STROOMWEG-G,0.18,10,10,10,10,253,AM-AS-SO,0.18,10,10,10,10,253,AM-AS-SO,0.18,10,10,10,10,253,V-AM-AS-SO,0.18,10,10,10,10,253,AM-AS-SO,,,2.3,,,63,42
AS_WEG_STROOMWEG_CIRKEL,*,-,**,-,AM,-,AS,_,WEG,_,STROOMWEG,_,CIRKEL,,,,,,,-,G,,,,,*-**-AM-AS_WEG_STROOMWEG_CIRKEL-G,0.18,90,90,90,90,253,AM-AS-SO,0.18,90,90,90,90,253,AM-AS-SO,0.18,90,90,90,90,253,V-AM-AS-SO,0.18,90,90,90,90,253,AM-AS-SO,,,2.3,,,65,63
AS_WEG_STROOMWEG_OVERGANG,*,-,**,-,AM,-,AS,_,WEG,_,STROOMWEG,_,OVERGANG,,,,,,,-,G,,,,,*-**-AM-AS_WEG_STROOMWEG_OVERGANG-G,0.18,130,130,130,130,253,AM-AS-SO,0.18,130,130,130,130,253,AM-AS-SO,0.18,130,130,130,130,253,V-AM-AS-SO,0.18,130,130,130,130,253,AM-AS-SO,,,2.3,,,66,63
AS_WEG_STROOMWEG_RECHT,*,-,**,-,AM,-,AS,_,WEG,_,STROOMWEG,_,RECHT,,,,,,,-,G,,,,,*-**-AM-AS_WEG_STROOMWEG_RECHT-G,0.18,50,50,50,50,253,AM-AS-SO,0.18,50,50,50,50,253,AM-AS-SO,0.18,50,50,50,50,253,V-AM-AS-SO,0.18,50,50,50,50,253,AM-AS-SO,,,2.3,,,64,63
AS_WEG_VERBINDINGSWEG,*,-,**,-,AM,-,AS,_,WEG,_,VERBINDINGSWEG,,,,,,,,,-,G,,,,,*-**-AM-AS_WEG_VERBINDINGSWEG-G,0.18,10,10,10,10,253,AM-AS-SO,0.18,10,10,10,10,253,AM-AS-SO,0.18,10,10,10,10,253,V-AM-AS-SO,0.18,10,10,10,10,253,AM-AS-SO,,,2.3,,,47,42
AS_WEG_VERBINDINGSWEG_CIRKEL,*,-,**,-,AM,-,AS,_,WEG,_,VERBINDINGSWEG,_,CIRKEL,,,,,,,-,G,,,,,*-**-AM-AS_WEG_VERBINDINGSWEG_CIRKEL-G,0.18,90,90,90,90,253,AM-AS-SO,0.18,90,90,90,90,253,AM-AS-SO,0.18,90,90,90,90,253,V-AM-AS-SO,0.18,90,90,90,90,253,AM-AS-SO,,,2.3,,,49,47
AS_WEG_VERBINDINGSWEG_OVERGANG,*,-,**,-,AM,-,AS,_,WEG,_,VERBINDINGSWEG,_,OVERGANG,,,,,,,-,G,,,,,*-**-AM-AS_WEG_VERBINDINGSWEG_OVERGANG-G,0.18,130,130,130,130,253,AM-AS-SO,0.18,130,130,130,130,253,AM-AS-SO,0.18,130,130,130,130,253,V-AM-AS-SO,0.18,130,130,130,130,253,AM-AS-SO,,,2.3,,,50,47
AS_WEG_VERBINDINGSWEG_RECHT,*,-,**,-,AM,-,AS,_,WEG,_,VERBINDINGSWEG,_,RECHT,,,,,,,-,G,,,,,*-**-AM-AS_WEG_VERBINDINGSWEG_RECHT-G,0.18,50,50,50,50,253,AM-AS-SO,0.18,50,50,50,50,253,AM-AS-SO,0.18,50,50,50,50,253,V-AM-AS-SO,0.18,50,50,50,50,253,AM-AS-SO,,,2.3,,,48,47
KILOMETRERING,*,-,**,-,AM,-,KILOMETRERING,,,,,,,,,,,,,-,G,,,,,*-**-AM-KILOMETRERING-G,0.18,7,7,7,7,7,CONTINUOUS,0.35,7,7,7,7,7,CONTINUOUS,0.35,7,7,7,7,7,V-CONTINUOUS-SO,0.35,7,7,7,7,7,CONTINUOUS,,,3.0,,NIEUW,149,0
STRING,*,-,**,-,AM,-,STRING,,,,,,,,,,,,,-,G,,,,,*-**-AM-STRING-G,0.18,170,172,170,170,253,AM-AS-SO,0.18,170,172,170,170,253,AM-AS-SO,0.18,170,172,170,170,253,V-AM-AS-SO,0.18,170,172,170,170,253,AM-AS-SO,,,3.0,,NIEUW,145,0
STRING_GDS,*,-,**,-,AM,-,STRING,_,GDS,,,,,,,,,,,-,G,,,,,*-**-AM-STRING_GDS-G,0.18,170,172,170,170,253,AM-AS-SO,0.18,170,172,170,170,253,AM-AS-SO,0.18,170,172,170,170,253,V-AM-AS-SO,0.18,170,172,170,170,253,AM-AS-SO,,,3.0,,NIEUW,147,145
STRING_HULP,*,-,**,-,AM,-,STRING,_,HULP,,,,,,,,,,,-,G,,,,,*-**-AM-STRING_HULP-G,0.18,170,172,170,170,253,AM-AS-SO,0.18,170,172,170,170,253,AM-AS-SO,0.18,170,172,170,170,253,V-AM-AS-SO,0.18,170,172,170,170,253,AM-AS-SO,,,3.0,,NIEUW,148,145
STRING_MASTER,*,-,**,-,AM,-,STRING,_,MASTER,,,,,,,,,,,-,G,,,,,*-**-AM-STRING_MASTER-G,0.18,170,172,170,170,253,AM-AS-SO,0.18,170,172,170,170,253,AM-AS-SO,0.18,170,172,170,170,253,V-AM-AS-SO,0.18,170,172,170,170,253,AM-AS-SO,,,3.0,,NIEUW,146,145
TANGENTPUNT,*,-,**,-,AM,-,TANGENTPUNT,,,,,,,,,,,,,-,G,,,,,*-**-AM-TANGENTPUNT-G,0.18,7,7,7,7,253,CONTINUOUS,0.18,7,7,7,7,253,CONTINUOUS,0.18,7,7,7,7,253,V-CONTINUOUS-SO,0.18,7,7,7,7,253,CONTINUOUS,,,3.2,,GEWIJZIGD,150,0
