VH-VerHardingen;;;;;;;;;;;;;;;;;;;;;;;;;;;;;;;;;;;;;;;;;;;;;;;;;;;;;;;;;;;;;
OMSCHRIJVING;STATUS;-;DISCIPLINE;-;HOOFDGROEP;-;OBJECT;_;SUBOBJECT01;_;SUBOBJECT02;_;SUBOBJECT03;_;SUBOBJECT04;_;SUBOBJECT05;-;BEWERKING;-;ELEMENT;-;SCHAAL;ARCERING;SYMBOOL;LAAGNAAM;B lineweight;B color;B color A;B color GD;B color GN;B color V;B linetype;N lineweight;N color;N color A;N color GD;N color GN;N color V;N linetype;V lineweight;V color;V color A;V color GD;V color GN;V color V;V linetype;T lineweight;T color;T color A;T color GD;T color GN;T color V;T linetype;VRKL_kort;VRKL_lang;VERSIE;WIJZIGING;STATUS;ID;KIND_VAN
BEDRIJFSVLOERPLAAT;*;-;**;-;VH;-;BEDRIJFSVLOERPLAAT;;;;;;;;;;;;;-;G/S/A;;;AVH:AVH-BETONPLAAT;SVH:SVH-BETONPLAAT;*-**-VH-BEDRIJFSVLOERPLAAT-G/S/A;0.18;170;172;170;170;254;CONTINUOUS;0.35;170;172;170;170;254;CONTINUOUS;0.25;170;172;170;170;254;ZZ-HIDDEN-SO;0.25;170;172;170;170;254;CONTINUOUS;;;5.0;Object geworden, KLEUREN AANGEPAST;GEWIJZIGD;2474;0
BEDRIJFSVLOERPLAAT_BETON;*;-;**;-;VH;-;BEDRIJFSVLOERPLAAT;_;BETON;;;;;;;;;;;-;G;;;;;*-**-VH-BEDRIJFSVLOERPLAAT_BETON-G;0.18;170;172;170;170;254;CONTINUOUS;0.35;170;172;170;170;254;CONTINUOUS;0.25;170;172;170;170;254;ZZ-HIDDEN-SO;0.25;170;172;170;170;254;CONTINUOUS;;;5.0;Decompositie is gewijzigd, KLEUREN AANGEPAST;GEWIJZIGD;2475;2474
BEDRIJFSVLOERPLAAT_BETON_INDUSTRIE;*;-;**;-;VH;-;BEDRIJFSVLOERPLAAT;_;BETON;_;INDUSTRIE;;;;;;;;;-;G;;;;;*-**-VH-BEDRIJFSVLOERPLAAT_BETON_INDUSTRIE-G;0.18;170;172;170;170;254;CONTINUOUS;0.35;170;172;170;170;254;CONTINUOUS;0.25;170;172;170;170;254;ZZ-HIDDEN-SO;0.25;170;172;170;170;254;CONTINUOUS;;;5.0;Decompositie is gewijzigd, KLEUREN AANGEPAST;GEWIJZIGD;2476;2475
BEDRIJFSVLOERPLAAT_HOUT;*;-;**;-;VH;-;BEDRIJFSVLOERPLAAT;_;HOUT;;;;;;;;;;;-;G;;;;;*-**-VH-BEDRIJFSVLOERPLAAT_HOUT-G;0.18;170;172;170;170;254;CONTINUOUS;0.35;170;172;170;170;254;CONTINUOUS;0.25;170;172;170;170;254;ZZ-HIDDEN-SO;0.25;170;172;170;170;254;CONTINUOUS;;;5.0;Decompositie is gewijzigd, KLEUREN AANGEPAST;GEWIJZIGD;2477;2474
BEDRIJFSVLOERPLAAT_KUNSTSTOF;*;-;**;-;VH;-;BEDRIJFSVLOERPLAAT;_;KUNSTSTOF;;;;;;;;;;;-;G;;;;;*-**-VH-BEDRIJFSVLOERPLAAT_KUNSTSTOF-G;0.18;170;172;170;170;254;CONTINUOUS;0.35;170;172;170;170;254;CONTINUOUS;0.25;170;172;170;170;254;ZZ-HIDDEN-SO;0.25;170;172;170;170;254;CONTINUOUS;;;5.0;Decompositie is gewijzigd, KLEUREN AANGEPAST;GEWIJZIGD;2478;2474
BEDRIJFSVLOERPLAAT_STAAL;*;-;**;-;VH;-;BEDRIJFSVLOERPLAAT;_;STAAL;;;;;;;;;;;-;G;;;;;*-**-VH-BEDRIJFSVLOERPLAAT_STAAL-G;0.18;170;172;170;170;254;CONTINUOUS;0.35;170;172;170;170;254;CONTINUOUS;0.25;170;172;170;170;254;ZZ-HIDDEN-SO;0.25;170;172;170;170;254;CONTINUOUS;;;5.0;Decompositie is gewijzigd, KLEUREN AANGEPAST;GEWIJZIGD;2479;2474
BEDRIJFSVLOERPLAAT_STAAL_RIJPLAAT;*;-;**;-;VH;-;BEDRIJFSVLOERPLAAT;_;STAAL;_;RIJPLAAT;;;;;;;;;-;G;;;;;*-**-VH-BEDRIJFSVLOERPLAAT_STAAL_RIJPLAAT-G;0.18;170;172;170;170;254;CONTINUOUS;0.35;170;172;170;170;254;CONTINUOUS;0.25;170;172;170;170;254;ZZ-HIDDEN-SO;0.25;170;172;170;170;254;CONTINUOUS;;;5.0;Decompositie is gewijzigd, KLEUREN AANGEPAST;GEWIJZIGD;2480;2479
BEDRIJFSVLOERPLAAT_STAAL_SCHEEPSHUID;*;-;**;-;VH;-;BEDRIJFSVLOERPLAAT;_;STAAL;_;SCHEEPSHUID;;;;;;;;;-;G;;;;;*-**-VH-BEDRIJFSVLOERPLAAT_STAAL_SCHEEPSHUID-G;0.18;170;172;170;170;254;CONTINUOUS;0.35;170;172;170;170;254;CONTINUOUS;0.25;170;172;170;170;254;ZZ-HIDDEN-SO;0.25;170;172;170;170;254;CONTINUOUS;;;5.0;Decompositie is gewijzigd, KLEUREN AANGEPAST;GEWIJZIGD;2481;2479
DREMPEL;*;-;**;-;VH;-;DREMPEL;;;;;;;;;;;;;-;G;;;;;*-**-VH-DREMPEL-G;0.18;30;32;30;30;253;CONTINUOUS;0.35;30;32;30;30;253;CONTINUOUS;0.25;30;32;30;30;253;V-CONTINUOUS-SO;0.25;30;32;30;30;253;CONTINUOUS;;;2.3;;;2342;0
DREMPEL_ASFALT;*;-;**;-;VH;-;DREMPEL;_;ASFALT;;;;;;;;;;;-;G;;;;;*-**-VH-DREMPEL_ASFALT-G;0.18;30;32;30;30;253;CONTINUOUS;0.35;30;32;30;30;253;CONTINUOUS;0.25;30;32;30;30;253;V-CONTINUOUS-SO;0.25;30;32;30;30;253;CONTINUOUS;;;2.3;;;2343;2342
DREMPEL_BESTRAAT;*;-;**;-;VH;-;DREMPEL;_;BESTRAAT;;;;;;;;;;;-;G;;;;;*-**-VH-DREMPEL_BESTRAAT-G;0.18;30;32;30;30;253;CONTINUOUS;0.35;30;32;30;30;253;CONTINUOUS;0.25;30;32;30;30;253;V-CONTINUOUS-SO;0.25;30;32;30;30;253;CONTINUOUS;;;2.3;;;2344;2342
DREMPEL_PREFAB;*;-;**;-;VH;-;DREMPEL;_;PREFAB;;;;;;;;;;;-;G;;;;;*-**-VH-DREMPEL_PREFAB-G;0.18;30;32;30;30;253;CONTINUOUS;0.35;30;32;30;30;253;CONTINUOUS;0.25;30;32;30;30;253;V-CONTINUOUS-SO;0.25;30;32;30;30;253;CONTINUOUS;;;2.3;;;2345;2342
DREMPEL_PREFAB_ELEMENT;*;-;**;-;VH;-;DREMPEL;_;PREFAB;_;ELEMENT;;;;;;;;;-;G/S;;;;SVH:SVH-DREMPEL_PREFAB;*-**-VH-DREMPEL_PREFAB_ELEMENT-G/S;0.18;30;32;30;30;253;CONTINUOUS;0.35;30;32;30;30;253;CONTINUOUS;0.25;30;32;30;30;253;V-CONTINUOUS-SO;0.25;30;32;30;30;253;CONTINUOUS;;;2.3;;;2346;2345
DREMPEL_TALUD;*;-;**;-;VH;-;DREMPEL;_;TALUD;;;;;;;;;;;-;G;;;;;*-**-VH-DREMPEL_TALUD-G;0.18;30;32;30;30;253;CONTINUOUS;0.35;30;32;30;30;253;CONTINUOUS;0.25;30;32;30;30;253;V-CONTINUOUS-SO;0.25;30;32;30;30;253;CONTINUOUS;;;2.3;;;2347;2342
FUNDERING;*;-;**;-;VH;-;FUNDERING;;;;;;;;;;;;;-;G/S/A;;;AVH:AVH-FUNDERING;SVH:SVH-FUNDERING;*-**-VH-FUNDERING-G/S/A;0.18;7;252;7;7;254;CONTINUOUS;0.35;7;252;7;7;254;CONTINUOUS;0.25;7;252;7;7;254;V-CONTINUOUS-SO;0.25;7;252;7;7;254;CONTINUOUS;;;5.0;Object geworden;GEWIJZIGD;2492;0
FUNDERING_BIMS;*;-;**;-;VH;-;FUNDERING;_;BIMS;;;;;;;;;;;-;G;;;;;*-**-VH-FUNDERING_BIMS-G;0.18;7;252;7;7;254;CONTINUOUS;0.35;7;252;7;7;254;CONTINUOUS;0.25;7;252;7;7;254;V-CONTINUOUS-SO;0.25;7;252;7;7;254;CONTINUOUS;;;4.1;vervallen en tijdelijk definities toegevoegd;GEWIJZIGD;2493;2492
FUNDERING_EPS;*;-;**;-;VH;-;FUNDERING;_;EPS;;;;;;;;;;;-;G;;;;;*-**-VH-FUNDERING_EPS-G;0.18;7;252;7;7;254;CONTINUOUS;0.35;7;252;7;7;254;CONTINUOUS;0.25;7;252;7;7;254;V-CONTINUOUS-SO;0.25;7;252;7;7;254;CONTINUOUS;;;4.1;vervallen en tijdelijk definities toegevoegd;GEWIJZIGD;2494;2492
FUNDERING_GRANULAAT;*;-;**;-;VH;-;FUNDERING;_;GRANULAAT;;;;;;;;;;;-;G;;;;;*-**-VH-FUNDERING_GRANULAAT-G;0.18;7;252;7;7;254;CONTINUOUS;0.35;7;252;7;7;254;CONTINUOUS;0.25;7;252;7;7;254;V-CONTINUOUS-SO;0.25;7;252;7;7;254;CONTINUOUS;;;4.1;vervallen en tijdelijk definities toegevoegd;GEWIJZIGD;2495;2492
FUNDERING_GRANULAAT_BETON;*;-;**;-;VH;-;FUNDERING;_;GRANULAAT;_;BETON;;;;;;;;;-;G;;;;;*-**-VH-FUNDERING_GRANULAAT_BETON-G;0.18;7;252;7;7;254;CONTINUOUS;0.35;7;252;7;7;254;CONTINUOUS;0.25;7;252;7;7;254;V-CONTINUOUS-SO;0.25;7;252;7;7;254;CONTINUOUS;;;4.1;vervallen en tijdelijk definities toegevoegd;GEWIJZIGD;2496;2495
FUNDERING_GRANULAAT_MENG;*;-;**;-;VH;-;FUNDERING;_;GRANULAAT;_;MENG;;;;;;;;;-;G;;;;;*-**-VH-FUNDERING_GRANULAAT_MENG-G;0.18;7;252;7;7;254;CONTINUOUS;0.35;7;252;7;7;254;CONTINUOUS;0.25;7;252;7;7;254;V-CONTINUOUS-SO;0.25;7;252;7;7;254;CONTINUOUS;;;4.1;vervallen en tijdelijk definities toegevoegd;GEWIJZIGD;2497;2495
FUNDERING_GRANULAAT_MENG_HYDRAULISCH;*;-;**;-;VH;-;FUNDERING;_;GRANULAAT;_;MENG;_;HYDRAULISCH;;;;;;;-;G;;;;;*-**-VH-FUNDERING_GRANULAAT_MENG_HYDRAULISCH-G;0.18;7;252;7;7;254;CONTINUOUS;0.35;7;252;7;7;254;CONTINUOUS;0.25;7;252;7;7;254;V-CONTINUOUS-SO;0.25;7;252;7;7;254;CONTINUOUS;;;4.1;vervallen en tijdelijk definities toegevoegd;GEWIJZIGD;2498;2497
FUNDERING_SCHUIMBETON;*;-;**;-;VH;-;FUNDERING;_;SCHUIMBETON;;;;;;;;;;;-;G;;;;;*-**-VH-FUNDERING_SCHUIMBETON-G;0.18;7;252;7;7;254;CONTINUOUS;0.35;7;252;7;7;254;CONTINUOUS;0.25;7;252;7;7;254;V-CONTINUOUS-SO;0.25;7;252;7;7;254;CONTINUOUS;;;4.1;vervallen en tijdelijk definities toegevoegd;GEWIJZIGD;2499;2492
FUNDERING_SLAKKEN;*;-;**;-;VH;-;FUNDERING;_;SLAKKEN;;;;;;;;;;;-;G;;;;;*-**-VH-FUNDERING_SLAKKEN-G;0.18;7;252;7;7;254;CONTINUOUS;0.35;7;252;7;7;254;CONTINUOUS;0.25;7;252;7;7;254;V-CONTINUOUS-SO;0.25;7;252;7;7;254;CONTINUOUS;;;4.1;vervallen en tijdelijk definities toegevoegd;GEWIJZIGD;2500;2492
FUNDERING_SLAKKEN_AVI;*;-;**;-;VH;-;FUNDERING;_;SLAKKEN;_;AVI;;;;;;;;;-;G;;;;;*-**-VH-FUNDERING_SLAKKEN_AVI-G;0.18;7;252;7;7;254;CONTINUOUS;0.35;7;252;7;7;254;CONTINUOUS;0.25;7;252;7;7;254;V-CONTINUOUS-SO;0.25;7;252;7;7;254;CONTINUOUS;;;4.1;vervallen en tijdelijk definities toegevoegd;GEWIJZIGD;2501;2500
FUNDERING_SLAKKEN_HOOGOVEN;*;-;**;-;VH;-;FUNDERING;_;SLAKKEN;_;HOOGOVEN;;;;;;;;;-;G;;;;;*-**-VH-FUNDERING_SLAKKEN_HOOGOVEN-G;0.18;7;252;7;7;254;CONTINUOUS;0.35;7;252;7;7;254;CONTINUOUS;0.25;7;252;7;7;254;V-CONTINUOUS-SO;0.25;7;252;7;7;254;CONTINUOUS;;;4.1;vervallen en tijdelijk definities toegevoegd;GEWIJZIGD;2502;2500
FUNDERING_ZAND;*;-;**;-;VH;-;FUNDERING;_;ZAND;;;;;;;;;;;-;G;;;;;*-**-VH-FUNDERING_ZAND-G;0.18;7;252;7;7;254;CONTINUOUS;0.35;7;252;7;7;254;CONTINUOUS;0.25;7;252;7;7;254;V-CONTINUOUS-SO;0.25;7;252;7;7;254;CONTINUOUS;;;4.1;vervallen en tijdelijk definities toegevoegd;GEWIJZIGD;2503;2492
FUNDERING_ZANDCEMENTSTABILISATIE;*;-;**;-;VH;-;FUNDERING;_;ZANDCEMENTSTABILISATIE;;;;;;;;;;;-;G;;;;;*-**-VH-FUNDERING_ZANDCEMENTSTABILISATIE-G;0.18;7;252;7;7;254;CONTINUOUS;0.35;7;252;7;7;254;CONTINUOUS;0.25;7;252;7;7;254;V-CONTINUOUS-SO;0.25;7;252;7;7;254;CONTINUOUS;;;4.1;vervallen en tijdelijk definities toegevoegd;GEWIJZIGD;2504;2492
GEOTEXTIEL;*;-;**;-;VH;-;GEOTEXTIEL;;;;;;;;;;;;;-;G/S/A;;;AVH:AVH-GEOTEXTIEL;SVH:SVH-GEOTEXTIEL;*-**-VH-GEOTEXTIEL-G/S/A;0.18;60;62;60;60;254;CONTINUOUS;0.35;60;62;60;60;254;CONTINUOUS;0.25;60;62;60;60;254;ZZ-HIDDEN-SO;0.25;60;62;60;60;254;CONTINUOUS;;;5.0;Object geworden, KLEUREN AANGEPAST;GEWIJZIGD;2505;0
GESLOTENVERHARDING;*;-;**;-;VH;-;GESLOTENVERHARDING;;;;;;;;;;;;;-;G/S/A;;;AVH:AVH-GESLOTEN;SVH:SVH-GESLOTEN;*-**-VH-GESLOTENVERHARDING-G/S/A;0.18;10;12;10;10;132,132,132;CONTINUOUS;0.35;10;12;10;10;254;CONTINUOUS;0.25;10;12;10;10;254;V-CONTINUOUS-SO;0.25;10;12;10;10;254;CONTINUOUS;;;5.0;Object geworden, KLEUREN AANGEPAST, KLEUR B color V AANGEPAST IVM MAPPING BGT;GEWIJZIGD;3342;0
GESLOTENVERHARDING_ASFALT;*;-;**;-;VH;-;GESLOTENVERHARDING;_;ASFALT;;;;;;;;;;;-;G/S/A;;;AVH:AVH-ASFALT;SVH:SVH-ASFALT;*-**-VH-GESLOTENVERHARDING_ASFALT-G/S/A;0.18;10;12;10;10;132,132,132;CONTINUOUS;0.35;10;12;10;10;253;CONTINUOUS;0.25;10;12;10;10;253;ZZ-HIDDEN-SO;0.25;10;12;10;10;253;CONTINUOUS;;;5.0;Decompositie is gewijzigd, KLEUREN AANGEPAST, KLEUR B color V AANGEPAST IVM MAPPING BGT;GEWIJZIGD;2464;3342
GESLOTENVERHARDING_ASFALT-TRAPSGEWIJSFREZEN;*;-;**;-;VH;-;GESLOTENVERHARDING;_;ASFALT;;;;;;;;;-;TRAPSGEWIJSFREZEN;-;G;;;;;*-**-VH-GESLOTENVERHARDING_ASFALT-TRAPSGEWIJSFREZEN-G;0.18;10;12;10;10;253;VH-TRAPSGEWIJSFREZEN-SO;0.25;10;12;10;10;253;VH-TRAPSGEWIJSFREZEN-SO;0.25;10;12;10;10;253;ZZ-HIDDEN-SO;0.25;10;12;10;10;253;VH-TRAPSGEWIJSFREZEN-SO;;;5.0;Decompositie is gewijzigd, BEWERKING ipv OBJECT, KLEUREN AANGEPAST;GEWIJZIGD;2944;2464
GESLOTENVERHARDING_ASFALT_COATING;*;-;**;-;VH;-;GESLOTENVERHARDING;_;ASFALT;_;COATING;;;;;;;;;-;G;;;;;*-**-VH-GESLOTENVERHARDING_ASFALT_COATING-G;0.18;10;12;10;10;253;CONTINUOUS;0.35;10;12;10;10;253;CONTINUOUS;0.25;10;12;10;10;253;ZZ-HIDDEN-SO;0.25;10;12;10;10;253;CONTINUOUS;;;5.0;Decompositie is gewijzigd, KLEUREN AANGEPAST;GEWIJZIGD;2941;2464
GESLOTENVERHARDING_ASFALT_DEKLAAG;*;-;**;-;VH;-;GESLOTENVERHARDING;_;ASFALT;_;DEKLAAG;;;;;;;;;-;G;;;;;*-**-VH-GESLOTENVERHARDING_ASFALT_DEKLAAG-G;0.18;10;12;10;10;253;CONTINUOUS;0.35;10;12;10;10;253;CONTINUOUS;0.25;10;12;10;10;253;ZZ-HIDDEN-SO;0.25;10;12;10;10;253;CONTINUOUS;;;5.0;Decompositie is gewijzigd, KLEUREN AANGEPAST;GEWIJZIGD;3014;2464
GESLOTENVERHARDING_ASFALT_FREESVAK;*;-;**;-;VH;-;GESLOTENVERHARDING;_;ASFALT;_;FREESVAK;;;;;;;;;-;G;;;;;*-**-VH-GESLOTENVERHARDING_ASFALT_FREESVAK-G;0.18;10;12;10;10;253;CONTINUOUS;0.35;10;12;10;10;253;CONTINUOUS;;;;;;;;;;;;;;;;;5.0;Decompositie is gewijzigd, KLEUREN AANGEPAST;GEWIJZIGD;2465;2464
GESLOTENVERHARDING_ASFALT_FUNDERING;*;-;**;-;VH;-;GESLOTENVERHARDING;_;ASFALT;_;FUNDERING;;;;;;;;;-;G;;;;;*-**-VH-GESLOTENVERHARDING_ASFALT_FUNDERING-G;0.18;10;12;10;10;253;CONTINUOUS;0.35;10;12;10;10;253;CONTINUOUS;0.25;10;12;10;10;253;ZZ-HIDDEN-SO;0.25;10;12;10;10;253;CONTINUOUS;;;5.0;Decompositie is gewijzigd, KLEUREN AANGEPAST;GEWIJZIGD;3010;2464
GESLOTENVERHARDING_ASFALT_GIETASFALT;*;-;**;-;VH;-;GESLOTENVERHARDING;_;ASFALT;_;GIETASFALT;;;;;;;;;-;G;;;;;*-**-VH-GESLOTENVERHARDING_ASFALT_GIETASFALT-G;0.18;10;12;10;10;253;CONTINUOUS;0.35;10;12;10;10;253;CONTINUOUS;0.25;10;12;10;10;253;ZZ-HIDDEN-SO;0.25;10;12;10;10;253;CONTINUOUS;;;5.0;Decompositie is gewijzigd, KLEUREN AANGEPAST;GEWIJZIGD;2466;2464
GESLOTENVERHARDING_ASFALT_GROEN;*;-;**;-;VH;-;GESLOTENVERHARDING;_;ASFALT;_;GROEN;;;;;;;;;-;G;;;;;*-**-VH-GESLOTENVERHARDING_ASFALT_GROEN-G;0.18;10;12;10;10;253;CONTINUOUS;0.35;10;12;10;10;253;CONTINUOUS;0.25;10;12;10;10;253;ZZ-HIDDEN-SO;0.25;10;12;10;10;253;CONTINUOUS;;;5.0;Decompositie is gewijzigd, KLEUREN AANGEPAST;GEWIJZIGD;2467;2464
GESLOTENVERHARDING_ASFALT_ONDERLAAG;*;-;**;-;VH;-;GESLOTENVERHARDING;_;ASFALT;_;ONDERLAAG;;;;;;;;;-;G;;;;;*-**-VH-GESLOTENVERHARDING_ASFALT_ONDERLAAG-G;0.18;10;12;10;10;253;CONTINUOUS;0.35;10;12;10;10;253;CONTINUOUS;0.25;10;12;10;10;253;ZZ-HIDDEN-SO;0.25;10;12;10;10;253;CONTINUOUS;;;5.0;Decompositie is gewijzigd, KLEUREN AANGEPAST;GEWIJZIGD;3011;2464
GESLOTENVERHARDING_ASFALT_ONDERLAAG_1;*;-;**;-;VH;-;GESLOTENVERHARDING;_;ASFALT;_;ONDERLAAG;_;1;;;;;;;-;G;;;;;*-**-VH-GESLOTENVERHARDING_ASFALT_ONDERLAAG_1-G;0.18;10;12;10;10;253;CONTINUOUS;0.35;10;12;10;10;253;CONTINUOUS;0.25;10;12;10;10;253;ZZ-HIDDEN-SO;0.25;10;12;10;10;253;CONTINUOUS;;;5.0;Decompositie is gewijzigd, KLEUREN AANGEPAST;GEWIJZIGD;3012;3011
GESLOTENVERHARDING_ASFALT_ONDERLAAG_2;*;-;**;-;VH;-;GESLOTENVERHARDING;_;ASFALT;_;ONDERLAAG;_;2;;;;;;;-;G;;;;;*-**-VH-GESLOTENVERHARDING_ASFALT_ONDERLAAG_2-G;0.18;10;12;10;10;253;CONTINUOUS;0.35;10;12;10;10;253;CONTINUOUS;0.25;10;12;10;10;253;ZZ-HIDDEN-SO;0.25;10;12;10;10;253;CONTINUOUS;;;5.0;Decompositie is gewijzigd, KLEUREN AANGEPAST;GEWIJZIGD;3013;3011
GESLOTENVERHARDING_ASFALT_ROOD;*;-;**;-;VH;-;GESLOTENVERHARDING;_;ASFALT;_;ROOD;;;;;;;;;-;G;;;;;*-**-VH-GESLOTENVERHARDING_ASFALT_ROOD-G;0.18;10;12;10;10;253;CONTINUOUS;0.35;10;12;10;10;253;CONTINUOUS;0.25;10;12;10;10;253;ZZ-HIDDEN-SO;0.25;10;12;10;10;253;CONTINUOUS;;;5.0;Decompositie is gewijzigd, KLEUREN AANGEPAST;GEWIJZIGD;2468;2464
GESLOTENVERHARDING_ASFALT_SLIJTLAAG;*;-;**;-;VH;-;GESLOTENVERHARDING;_;ASFALT;_;SLIJTLAAG;;;;;;;;;-;G;;;;;*-**-VH-GESLOTENVERHARDING_ASFALT_SLIJTLAAG-G;0.18;10;12;10;10;253;CONTINUOUS;0.35;10;12;10;10;253;CONTINUOUS;0.25;10;12;10;10;253;ZZ-HIDDEN-SO;0.25;10;12;10;10;253;CONTINUOUS;;;5.0;Decompositie is gewijzigd, KLEUREN AANGEPAST;GEWIJZIGD;2942;2464
GESLOTENVERHARDING_ASFALT_SLIJTLAAG_ROOD;*;-;**;-;VH;-;GESLOTENVERHARDING;_;ASFALT;_;SLIJTLAAG;_;ROOD;;;;;;;-;G;;;;;*-**-VH-GESLOTENVERHARDING_ASFALT_SLIJTLAAG_ROOD-G;0.18;10;12;10;10;253;CONTINUOUS;0.35;10;12;10;10;253;CONTINUOUS;0.25;10;12;10;10;253;ZZ-HIDDEN-SO;0.25;10;12;10;10;253;CONTINUOUS;;;5.0;Decompositie is gewijzigd, KLEUREN AANGEPAST;GEWIJZIGD;2943;2942
GESLOTENVERHARDING_ASFALT_TUSSENLAAG;*;-;**;-;VH;-;GESLOTENVERHARDING;_;ASFALT;_;TUSSENLAAG;;;;;;;;;-;G;;;;;*-**-VH-GESLOTENVERHARDING_ASFALT_TUSSENLAAG-G;0.18;10;12;10;10;253;CONTINUOUS;0.35;10;12;10;10;253;CONTINUOUS;0.25;10;12;10;10;253;ZZ-HIDDEN-SO;0.25;10;12;10;10;253;CONTINUOUS;;;5.0;Decompositie is gewijzigd, KLEUREN AANGEPAST;GEWIJZIGD;3015;2464
GESLOTENVERHARDING_ASFALT_TUSSENLAAG_1;*;-;**;-;VH;-;GESLOTENVERHARDING;_;ASFALT;_;TUSSENLAAG;_;1;;;;;;;-;G;;;;;*-**-VH-GESLOTENVERHARDING_ASFALT_TUSSENLAAG_1-G;0.18;10;12;10;10;253;CONTINUOUS;0.35;10;12;10;10;253;CONTINUOUS;0.25;10;12;10;10;253;ZZ-HIDDEN-SO;0.25;10;12;10;10;253;CONTINUOUS;;;5.0;Decompositie is gewijzigd, KLEUREN AANGEPAST;GEWIJZIGD;3016;3015
GESLOTENVERHARDING_ASFALT_TUSSENLAAG_2;*;-;**;-;VH;-;GESLOTENVERHARDING;_;ASFALT;_;TUSSENLAAG;_;2;;;;;;;-;G;;;;;*-**-VH-GESLOTENVERHARDING_ASFALT_TUSSENLAAG_2-G;0.18;10;12;10;10;253;CONTINUOUS;0.35;10;12;10;10;253;CONTINUOUS;0.25;10;12;10;10;253;ZZ-HIDDEN-SO;0.25;10;12;10;10;253;CONTINUOUS;;;5.0;Decompositie is gewijzigd, KLEUREN AANGEPAST;GEWIJZIGD;3017;3015
GESLOTENVERHARDING_ASFALT_WIT;*;-;**;-;VH;-;GESLOTENVERHARDING;_;ASFALT;_;WIT;;;;;;;;;-;G;;;;;*-**-VH-GESLOTENVERHARDING_ASFALT_WIT-G;0.18;10;12;10;10;253;CONTINUOUS;0.35;10;12;10;10;253;CONTINUOUS;0.25;10;12;10;10;253;ZZ-HIDDEN-SO;0.25;10;12;10;10;253;CONTINUOUS;;;5.0;Decompositie is gewijzigd, KLEUREN AANGEPAST;GEWIJZIGD;2469;2464
GESLOTENVERHARDING_ASFALT_ZAAGSNEDE;*;-;**;-;VH;-;GESLOTENVERHARDING;_;ASFALT;_;ZAAGSNEDE;;;;;;;;;-;G;;;;;*-**-VH-GESLOTENVERHARDING_ASFALT_ZAAGSNEDE-G;;;;;;;;0.25;7;7;7;7;253;VH-ZAAGSNEDE-SO;;;;;;;;;;;;;;;;;5.0;Lineweight aangepast;GEWIJZIGD;2470;2464
GESLOTENVERHARDING_ASFALT_ZOAB;*;-;**;-;VH;-;GESLOTENVERHARDING;_;ASFALT;_;ZOAB;;;;;;;;;-;G;;;;;*-**-VH-GESLOTENVERHARDING_ASFALT_ZOAB-G;0.18;10;12;10;10;254;CONTINUOUS;0.35;10;12;10;10;254;CONTINUOUS;0.25;10;12;10;10;254;ZZ-HIDDEN-SO;0.25;10;12;10;10;254;CONTINUOUS;;;5.0;Decompositie is gewijzigd, KLEUREN AANGEPAST;GEWIJZIGD;2471;2464
GESLOTENVERHARDING_BENTONIET;*;-;**;-;VH;-;GESLOTENVERHARDING;_;BENTONIET;;;;;;;;;;;-;G/S/A;;;AVH:AVH-BENTONIET;SVH:SVH-BENTONIET;*-**-VH-GESLOTENVERHARDING_BENTONIET-G/S/A;0.18;10;12;10;10;254;CONTINUOUS;0.35;10;12;10;10;254;CONTINUOUS;0.25;10;12;10;10;254;ZZ-HIDDEN-SO;0.25;10;12;10;10;254;CONTINUOUS;;;5.0;Decompositie is gewijzigd, KLEUREN AANGEPAST;GEWIJZIGD;2482;3342
GESLOTENVERHARDING_BETON;*;-;**;-;VH;-;GESLOTENVERHARDING;_;BETON;;;;;;;;;;;-;G/S/A;;;AVH:AVH-BETON;SVH:SVH-BETON;*-**-VH-GESLOTENVERHARDING_BETON-G/S/A;0.18;10;12;10;10;132,132,132;CONTINUOUS;0.35;10;12;10;10;254;CONTINUOUS;0.25;10;12;10;10;254;ZZ-HIDDEN-SO;0.25;10;12;10;10;254;CONTINUOUS;;;5.0;Decompositie is gewijzigd, KLEUREN AANGEPAST, KLEUR B color V AANGEPAST IVM MAPPING BGT;GEWIJZIGD;2484;3342
GESLOTENVERHARDING_BETON_GEWAPEND;*;-;**;-;VH;-;GESLOTENVERHARDING;_;BETON;_;GEWAPEND;;;;;;;;;-;G;;;;;*-**-VH-GESLOTENVERHARDING_BETON_GEWAPEND-G;0.18;10;12;10;10;254;CONTINUOUS;0.35;10;12;10;10;254;CONTINUOUS;0.25;10;12;10;10;254;ZZ-HIDDEN-SO;0.25;10;12;10;10;254;CONTINUOUS;;;5.0;Decompositie is gewijzigd, KLEUREN AANGEPAST;GEWIJZIGD;2485;2484
GESLOTENVERHARDING_BETON_ONGEWAPEND;*;-;**;-;VH;-;GESLOTENVERHARDING;_;BETON;_;ONGEWAPEND;;;;;;;;;-;G;;;;;*-**-VH-GESLOTENVERHARDING_BETON_ONGEWAPEND-G;0.18;10;12;10;10;254;CONTINUOUS;0.35;10;12;10;10;254;CONTINUOUS;0.25;10;12;10;10;254;ZZ-HIDDEN-SO;0.25;10;12;10;10;254;CONTINUOUS;;;5.0;Decompositie is gewijzigd, KLEUREN AANGEPAST;GEWIJZIGD;2486;2484
GESLOTENVERHARDING_BETON_SCHRAAL;*;-;**;-;VH;-;GESLOTENVERHARDING;_;BETON;_;SCHRAAL;;;;;;;;;-;G;;;;;*-**-VH-GESLOTENVERHARDING_BETON_SCHRAAL-G;0.18;10;12;10;10;254;CONTINUOUS;0.35;10;12;10;10;254;CONTINUOUS;0.25;10;12;10;10;254;ZZ-HIDDEN-SO;0.25;10;12;10;10;254;CONTINUOUS;;;5.0;Decompositie is gewijzigd, KLEUREN AANGEPAST;GEWIJZIGD;2487;2484
GESLOTENVERHARDING_KUNSTSTOF;*;-;**;-;VH;-;GESLOTENVERHARDING;_;KUNSTSTOF;;;;;;;;;;;-;G;;;;;*-**-VH-GESLOTENVERHARDING_KUNSTSTOF-G;0.18;10;12;10;10;132,132,132;CONTINUOUS;0.35;10;12;10;10;254;CONTINUOUS;0.25;10;12;10;10;254;V-CONTINUOUS-SO;0.25;10;12;10;10;254;CONTINUOUS;;;5.0;;NIEUW;4032;3342
GESLOTENVERHARDING_METSELWERK;*;-;**;-;VH;-;GESLOTENVERHARDING;_;METSELWERK;;;;;;;;;;;-;G/S/A;;;AVH:AVH-METSELWERK;SVH:SVH-METSELWERK;*-**-VH-GESLOTENVERHARDING_METSELWERK-G/S/A;0.18;10;12;10;10;254;CONTINUOUS;0.35;10;12;10;10;254;CONTINUOUS;0.25;10;12;10;10;254;ZZ-HIDDEN-SO;0.25;10;12;10;10;254;CONTINUOUS;;;5.0;Decompositie is gewijzigd, KLEUREN AANGEPAST;GEWIJZIGD;2517;3342
GESLOTENVERHARDING_VLOEISTOFDICHT;*;-;**;-;VH;-;GESLOTENVERHARDING;_;VLOEISTOFDICHT;;;;;;;;;;;-;G;;;;;*-**-VH-GESLOTENVERHARDING_VLOEISTOFDICHT-G;0.18;10;12;10;10;254;CONTINUOUS;0.35;10;12;10;10;254;CONTINUOUS;0.35;10;12;10;10;254;V-CONTINUOUS-SO;0.35;10;12;10;10;254;CONTINUOUS;;;5.0;Decompositie is gewijzigd, KLEUREN AANGEPAST;GEWIJZIGD;2937;3342
GOOT;*;-;**;-;VH;-;GOOT;;;;;;;;;;;;;-;G/S;;;;SVH:SVH-GOOT;*-**-VH-GOOT-G/S;0.18;170;172;170;170;253;CONTINUOUS;0.35;170;172;170;170;253;CONTINUOUS;0.25;170;172;170;170;253;V-CONTINUOUS-SO;0.25;170;172;170;170;253;CONTINUOUS;;;3.2;;GEWIJZIGD;2348;0
GOOT_ASFALT;*;-;**;-;VH;-;GOOT;_;ASFALT;;;;;;;;;;;-;G;;;;;*-**-VH-GOOT_ASFALT-G;0.18;170;172;170;170;253;CONTINUOUS;0.35;170;172;170;170;253;CONTINUOUS;0.25;170;172;170;170;253;V-CONTINUOUS-SO;0.25;170;172;170;170;253;CONTINUOUS;;;2.3;;;2349;2348
GOOT_BETON;*;-;**;-;VH;-;GOOT;_;BETON;;;;;;;;;;;-;G;;;;;*-**-VH-GOOT_BETON-G;0.18;170;172;170;170;253;CONTINUOUS;0.35;170;172;170;170;253;CONTINUOUS;0.25;170;172;170;170;253;V-CONTINUOUS-SO;0.25;170;172;170;170;253;CONTINUOUS;;;2.3;;;2350;2348
GOOT_BETON_GESTORT;*;-;**;-;VH;-;GOOT;_;BETON;_;GESTORT;;;;;;;;;-;G;;;;;*-**-VH-GOOT_BETON_GESTORT-G;0.18;170;172;170;170;253;CONTINUOUS;0.35;170;172;170;170;253;CONTINUOUS;0.25;170;172;170;170;253;V-CONTINUOUS-SO;0.25;170;172;170;170;253;CONTINUOUS;;;2.3;;;2351;2350
GOOT_BETON_PREFAB;*;-;**;-;VH;-;GOOT;_;BETON;_;PREFAB;;;;;;;;;-;G;;;;;*-**-VH-GOOT_BETON_PREFAB-G;0.18;170;172;170;170;253;CONTINUOUS;0.35;170;172;170;170;253;CONTINUOUS;0.25;170;172;170;170;253;V-CONTINUOUS-SO;0.25;170;172;170;170;253;CONTINUOUS;;;2.3;;;2352;2350
GOOT_BSS;*;-;**;-;VH;-;GOOT;_;BSS;;;;;;;;;;;-;G;;;;;*-**-VH-GOOT_BSS-G;0.18;170;172;170;170;253;CONTINUOUS;0.35;170;172;170;170;253;CONTINUOUS;0.25;170;172;170;170;253;V-CONTINUOUS-SO;0.25;170;172;170;170;253;CONTINUOUS;;;2.3;;;2353;2348
GOOT_BSS_ACHTERKANT;*;-;**;-;VH;-;GOOT;_;BSS;_;ACHTERKANT;;;;;;;;;-;G;;;;;*-**-VH-GOOT_BSS_ACHTERKANT-G;0.18;170;172;170;170;253;CONTINUOUS;0.35;170;172;170;170;253;CONTINUOUS;0.25;170;172;170;170;253;V-CONTINUOUS-SO;0.25;170;172;170;170;253;CONTINUOUS;;;2.3;;;2354;2353
GOOT_BSS_VOORKANT;*;-;**;-;VH;-;GOOT;_;BSS;_;VOORKANT;;;;;;;;;-;G;;;;;*-**-VH-GOOT_BSS_VOORKANT-G;0.18;170;172;170;170;253;CONTINUOUS;0.35;170;172;170;170;253;CONTINUOUS;0.25;170;172;170;170;253;V-CONTINUOUS-SO;0.25;170;172;170;170;253;CONTINUOUS;;;2.3;;;2355;2353
GOOT_STRAATBAKSTEEN;*;-;**;-;VH;-;GOOT;_;STRAATBAKSTEEN;;;;;;;;;;;-;G;;;;;*-**-VH-GOOT_STRAATBAKSTEEN-G;0.18;170;172;170;170;253;CONTINUOUS;0.35;170;172;170;170;253;CONTINUOUS;0.35;170;172;170;170;253;CONTINUOUS;0.35;170;172;170;170;253;CONTINUOUS;;;3.2;Juiste kleur toegewezen;GEWIJZIGD;2356;2348
GOOT_STRAATBAKSTEEN_ACHTERKANT;*;-;**;-;VH;-;GOOT;_;STRAATBAKSTEEN;_;ACHTERKANT;;;;;;;;;-;G;;;;;*-**-VH-GOOT_STRAATBAKSTEEN_ACHTERKANT-G;0.18;170;172;170;170;253;CONTINUOUS;0.35;170;172;170;170;253;CONTINUOUS;0.25;170;172;170;170;253;V-CONTINUOUS-SO;0.25;170;172;170;170;253;CONTINUOUS;;;3.1;Naam aanpassing;GEWIJZIGD;2357;2356
GOOT_STRAATBAKSTEEN_VOORKANT;*;-;**;-;VH;-;GOOT;_;STRAATBAKSTEEN;_;VOORKANT;;;;;;;;;-;G;;;;;*-**-VH-GOOT_STRAATBAKSTEEN_VOORKANT-G;0.18;170;172;170;170;253;CONTINUOUS;0.35;170;172;170;170;253;CONTINUOUS;0.25;170;172;170;170;253;V-CONTINUOUS-SO;0.25;170;172;170;170;253;CONTINUOUS;;;3.1;Naam aanpassing;GEWIJZIGD;2358;2356
GOOT_TEGEL;*;-;**;-;VH;-;GOOT;_;TEGEL;;;;;;;;;;;-;G/S;;;;SVH:SVH-GOOT_TEGEL;*-**-VH-GOOT_TEGEL-G/S;0.18;170;172;170;170;253;CONTINUOUS;0.35;170;172;170;170;253;CONTINUOUS;0.35;170;172;170;170;253;CONTINUOUS;0.35;170;172;170;170;253;CONTINUOUS;;;5.0;/S OBJECT TOEGEVOEGD;GEWIJZIGD;2940;2348
GOOT_ZOAB;*;-;**;-;VH;-;GOOT;_;ZOAB;;;;;;;;;;;-;G/S;;;;SVH:SVH-GOOT_ZOAB;*-**-VH-GOOT_ZOAB-G/S;0.18;170;172;170;170;253;CONTINUOUS;0.35;170;172;170;170;253;CONTINUOUS;0.25;170;172;170;170;253;V-CONTINUOUS-SO;0.25;170;172;170;170;253;CONTINUOUS;;;5.0;/S OBJECT TOEGEVOEGD;GEWIJZIGD;2359;2348
HALFVERHARDING;*;-;**;-;VH;-;HALFVERHARDING;;;;;;;;;;;;;-;G/S/A;;;AVH:AVH-HALF;SVH:SVH-HALFVERHARDING;*-**-VH-HALFVERHARDING-G/S/A;0.18;130;132;130;130;214,214,214;CONTINUOUS;0.35;130;132;130;130;254;CONTINUOUS;0.25;130;132;130;130;254;V-CONTINUOUS-SO;0.25;130;132;130;130;254;CONTINUOUS;;;5.0;Object geworden, KLEUREN AANGEPAST, KLEUR B color V AANGEPAST IVM MAPPING BGT;GEWIJZIGD;2511;0
HALFVERHARDING_BESTORTING;*;-;**;-;VH;-;HALFVERHARDING;_;BESTORTING;;;;;;;;;;;-;G/S/A;;;AVH:AVH-BESTORTING;SVH:SVH-BESTORTING;*-**-VH-HALFVERHARDING_BESTORTING-G/S/A;0.18;130;132;130;130;254;CONTINUOUS;0.35;130;132;130;130;254;CONTINUOUS;0.25;130;132;130;130;254;V-CONTINUOUS-SO;0.25;130;132;130;130;254;CONTINUOUS;;;5.0;Decompositie is gewijzigd, KLEUREN AANGEPAST;GEWIJZIGD;2483;2511
HALFVERHARDING_FLOWBLOCK;*;-;**;-;VH;-;HALFVERHARDING;_;FLOWBLOCK;;;;;;;;;;;-;G/A;;;AVH:AVH-FLOWBLOCK;;*-**-VH-HALFVERHARDING_FLOWBLOCK-G/A;0.18;130;132;130;130;254;CONTINUOUS;0.35;130;132;130;130;254;CONTINUOUS;0.25;130;132;130;130;254;V-CONTINUOUS-SO;0.25;130;132;130;130;254;CONTINUOUS;;;5.0;Decompositie is gewijzigd, KLEUREN AANGEPAST;GEWIJZIGD;3341;2511
HALFVERHARDING_GESTABILISEERD GRAS;*;-;**;-;VH;-;HALFVERHARDING;_;GESTABILISEERD GRAS;;;;;;;;;;;-;G/S/A;;;AVH:AVH-GRAS_GESTABILISEERD;SVH:SVH-GRAS_GESTABILISEERD;*-**-VH-HALFVERHARDING_GESTABILISEERD GRAS-G/S/A;0.18;130;132;130;130;254;CONTINUOUS;0.35;130;132;130;130;254;CONTINUOUS;0.25;130;132;130;130;254;V-CONTINUOUS-SO;0.25;130;132;130;130;254;CONTINUOUS;;;5.0;Decompositie is gewijzigd, KLEUREN AANGEPAST;GEWIJZIGD;2506;2511
HALFVERHARDING_GRASBETONSTEEN;*;-;**;-;VH;-;HALFVERHARDING;_;GRASBETONSTEEN;;;;;;;;;;;-;G/S/A;;;AVH:AVH-GRASBETONSTEEN;SVH:SVH-GRASBETONSTEEN;*-**-VH-HALFVERHARDING_GRASBETONSTEEN-G/S/A;0.18;130;132;130;130;214,214,214;CONTINUOUS;0.35;130;132;130;130;254;CONTINUOUS;0.25;130;132;130;130;254;V-CONTINUOUS-SO;0.25;130;132;130;130;254;CONTINUOUS;;;5.0;Decompositie is gewijzigd, KLEUREN AANGEPAST, KLEUR B color V AANGEPAST IVM MAPPING BGT;GEWIJZIGD;2508;2511
HALFVERHARDING_GRASPLAAT;*;-;**;-;VH;-;HALFVERHARDING;_;GRASPLAAT;;;;;;;;;;;-;G/S/A;;;AVH:AVH-GRASPLAAT;SVH:SVH-GRASPLAAT;*-**-VH-HALFVERHARDING_GRASPLAAT-G/S/A;0.18;130;132;130;130;254;CONTINUOUS;0.35;130;132;130;130;254;CONTINUOUS;0.25;130;132;130;130;254;V-CONTINUOUS-SO;0.25;130;132;130;130;254;CONTINUOUS;;;5.0;Decompositie is gewijzigd, KLEUREN AANGEPAST;GEWIJZIGD;2509;2511
HALFVERHARDING_GRAVEL;*;-;**;-;VH;-;HALFVERHARDING;_;GRAVEL;;;;;;;;;;;-;G/S/A;;;AVH:AVH-GRAVEL;SVH:SVH-GRAVEL;*-**-VH-HALFVERHARDING_GRAVEL-G/S/A;0.18;130;132;130;130;214,214,214;CONTINUOUS;0.35;130;132;130;130;254;CONTINUOUS;0.25;130;132;130;130;254;V-CONTINUOUS-SO;0.25;130;132;130;130;254;CONTINUOUS;;;5.0;Decompositie is gewijzigd, KLEUREN AANGEPAST, KLEUR B color V AANGEPAST IVM MAPPING BGT;GEWIJZIGD;3484;2511
HALFVERHARDING_GRIND;*;-;**;-;VH;-;HALFVERHARDING;_;GRIND;;;;;;;;;;;-;G/S;;;;SVH:SVH-GRIND;*-**-VH-HALFVERHARDING_GRIND-G/S;0.18;130;132;130;130;214,214,214;CONTINUOUS;0.35;130;132;130;130;254;CONTINUOUS;0.25;130;132;130;130;254;V-CONTINUOUS-SO;0.25;130;132;130;130;254;CONTINUOUS;;;5.0;Decompositie is gewijzigd, KLEUREN AANGEPAST, KLEUR B color V AANGEPAST IVM MAPPING BGT;GEWIJZIGD;2512;2511
HALFVERHARDING_KOPERSLAK;*;-;**;-;VH;-;HALFVERHARDING;_;KOPERSLAK;;;;;;;;;;;-;G;;;;;*-**-VH-HALFVERHARDING_KOPERSLAK-G;0.18;130;132;130;130;254;CONTINUOUS;0.35;130;132;130;130;254;CONTINUOUS;0.35;130;132;130;130;254;V-CONTINUOUS-SO;0.35;130;132;130;130;254;CONTINUOUS;;;5.0;Decompositie is gewijzigd, KLEUREN AANGEPAST;GEWIJZIGD;2939;2511
HALFVERHARDING_PUIN;*;-;**;-;VH;-;HALFVERHARDING;_;PUIN;;;;;;;;;;;-;G/S/A;;;AVH:AVH-PUINVERHARDING;SVH:SVH-PUINVERHARDING;*-**-VH-HALFVERHARDING_PUIN-G/S/A;0.18;130;132;130;130;214,214,214;CONTINUOUS;0.35;130;132;130;130;254;CONTINUOUS;0.25;130;132;130;130;254;ZZ-HIDDEN-SO;0.25;130;132;130;130;254;CONTINUOUS;;;5.0;Decompositie is gewijzigd, KLEUREN AANGEPAST, KLEUR B color V AANGEPAST IVM MAPPING BGT, ARCERING TOEGEVOEGD;GEWIJZIGD;2522;2511
HALFVERHARDING_SCHELP;*;-;**;-;VH;-;HALFVERHARDING;_;SCHELP;;;;;;;;;;;-;G;;;;;*-**-VH-HALFVERHARDING_SCHELP-G;0.18;130;132;130;130;214,214,214;CONTINUOUS;0.35;130;132;130;130;254;CONTINUOUS;0.25;130;132;130;130;254;V-CONTINUOUS-SO;0.25;130;132;130;130;254;CONTINUOUS;;;5.0;Decompositie is gewijzigd, KLEUREN AANGEPAST, KLEUR B color V AANGEPAST IVM MAPPING BGT;GEWIJZIGD;2513;2511
HERSTRATEN;*;-;**;-;VH;-;HERSTRATEN;;;;;;;;;;;;;-;G/A;;;AVH:AVH-HERSTRATEN;;*-**-VH-HERSTRATEN-G/A;0.18;7;252;7;7;254;CONTINUOUS;0.35;7;252;7;7;254;CONTINUOUS;0.25;7;252;7;7;254;V-CONTINUOUS-SO;0.25;7;252;7;7;254;CONTINUOUS;;;5.0;;NIEUW;4091;0
KANTOPSLUITING;*;-;**;-;VH;-;KANTOPSLUITING;;;;;;;;;;;;;-;G;;;;;*-**-VH-KANTOPSLUITING-G;0.18;7;252;7;7;253;CONTINUOUS;0.35;7;252;7;7;253;CONTINUOUS;0.25;7;252;7;7;253;V-CONTINUOUS-SO;0.25;7;252;7;7;253;CONTINUOUS;;;5.0;KLEUREN AANGEPAST;GEWIJZIGD;2360;0
KANTOPSLUITING_ACHTERKANTBAND;*;-;**;-;VH;-;KANTOPSLUITING;_;ACHTERKANTBAND;;;;;;;;;;;-;G;;;;;*-**-VH-KANTOPSLUITING_ACHTERKANTBAND-G;0.18;50;52;50;50;50;CONTINUOUS;0.35;50;52;50;50;50;CONTINUOUS;0.25;50;52;50;50;50;V-CONTINUOUS-SO;0.25;50;52;50;50;50;CONTINUOUS;;;4.2;4.2: symbool verwijderd;GEWIJZIGD;2361;2360
KANTOPSLUITING_AMSTELBAND;*;-;**;-;VH;-;KANTOPSLUITING;_;AMSTELBAND;;;;;;;;;;;-;G/S;;;;SVH:SVH-KANTOPSLUITING_AMSTELBAND;*-**-VH-KANTOPSLUITING_AMSTELBAND-G/S;0.18;60;62;60;60;253;VH-AMSTELBAND-SO;0.35;60;62;60;60;253;VH-AMSTELBAND-SO;0.25;60;62;60;60;253;V-VH-AMSTELBAND-SO;0.25;60;62;60;60;253;VH-AMSTELBAND-SO;;;4.2;4.2: doorsnedesymbool naam aangepast;GEWIJZIGD;2362;2360
KANTOPSLUITING_ASFALTBAND;*;-;**;-;VH;-;KANTOPSLUITING;_;ASFALTBAND;;;;;;;;;;;-;G/S;;;;SVH:SVH-KANTOPSLUITING_ASFALTBAND;*-**-VH-KANTOPSLUITING_ASFALTBAND-G/S;0.18;240;242;240;240;253;VH-ASFALTBAND-SO;0.35;240;242;240;240;253;VH-ASFALTBAND-SO;0.25;240;242;240;240;253;V-VH-ASFALTBAND-SO;0.25;240;242;240;240;253;VH-ASFALTBAND-SO;;;5.0;;NIEUW;4092;2360
KANTOPSLUITING_ASFALTBAND-OPNIEUW STELLEN;*;-;**;-;VH;-;KANTOPSLUITING;_;ASFALTBAND;;;;;;;;;-;OPNIEUW STELLEN;-;G;;;;;*-**-VH-KANTOPSLUITING_ASFALTBAND-OPNIEUW STELLEN-G;;;;;;;;0.35;0;0;0;0;253;VH-ASFALTBAND_STELLEN-SO;;;;;;;;;;;;;;;;;5.0;;NIEUW;4093;4092
KANTOPSLUITING_ASFALTBAND_50X200X150;*;-;**;-;VH;-;KANTOPSLUITING;_;ASFALTBAND;_;50X200X150;;;;;;;;;-;G;;;;;*-**-VH-KANTOPSLUITING_ASFALTBAND_50X200X150-G;0.18;240;242;240;240;253;VH-ASFALTBAND-SO;0.35;240;242;240;240;253;VH-ASFALTBAND-SO;0.25;240;242;240;240;253;V-VH-ASFALTBAND-SO;0.25;240;242;240;240;253;VH-ASFALTBAND-SO;;;5.0;;NIEUW;4094;4092
KANTOPSLUITING_ASFALTBAND_50X200X200;*;-;**;-;VH;-;KANTOPSLUITING;_;ASFALTBAND;_;50X200X200;;;;;;;;;-;G;;;;;*-**-VH-KANTOPSLUITING_ASFALTBAND_50X200X200-G;0.18;240;242;240;240;253;VH-ASFALTBAND-SO;0.35;240;242;240;240;253;VH-ASFALTBAND-SO;0.25;240;242;240;240;253;V-VH-ASFALTBAND-SO;0.25;240;242;240;240;253;VH-ASFALTBAND-SO;;;5.0;;NIEUW;4095;4092
KANTOPSLUITING_ASFALTBAND_50X200X250;*;-;**;-;VH;-;KANTOPSLUITING;_;ASFALTBAND;_;50X200X250;;;;;;;;;-;G;;;;;*-**-VH-KANTOPSLUITING_ASFALTBAND_50X200X250-G;0.18;240;242;240;240;253;VH-ASFALTBAND-SO;0.35;240;242;240;240;253;VH-ASFALTBAND-SO;0.25;240;242;240;240;253;V-VH-ASFALTBAND-SO;0.25;240;242;240;240;253;VH-ASFALTBAND-SO;;;5.0;;NIEUW;4096;4092
KANTOPSLUITING_BETONRUG;*;-;**;-;VH;-;KANTOPSLUITING;_;BETONRUG;;;;;;;;;;;-;G;;;;;*-**-VH-KANTOPSLUITING_BETONRUG-G;;;;;;;;0.35;7;7;7;7;253;ZZ-HIDDEN-SO;;;;;;;;;;;;;;;;;2.3;;;2363;2360
KANTOPSLUITING_BUSHALTEBAND;*;-;**;-;VH;-;KANTOPSLUITING;_;BUSHALTEBAND;;;;;;;;;;;-;G/S;;;;SVH:SVH-KANTOPSLUITING_BUSHALTEBAND;*-**-VH-KANTOPSLUITING_BUSHALTEBAND-G/S;0.18;30;32;30;30;253;VH-BUSHALTEBAND-SO;0.35;30;32;30;30;253;VH-BUSHALTEBAND-SO;0.25;30;32;30;30;253;V-VH-BUSHALTEBAND-SO;0.25;30;32;30;30;253;VH-BUSHALTEBAND-SO;;;5.0;SYMBOLEN BESTONDEN, /S OBJECT NIET ;GEWIJZIGD;2364;2360
KANTOPSLUITING_BUSHALTEBAND-OPNIEUW STELLEN;*;-;**;-;VH;-;KANTOPSLUITING;_;BUSHALTEBAND;;;;;;;;;-;OPNIEUW STELLEN;-;G;;;;;*-**-VH-KANTOPSLUITING_BUSHALTEBAND-OPNIEUW STELLEN-G;;;;;;;;0.35;30;32;30;30;253;VH-BUSHALTEBAND_STELLEN-SO;;;;;;;;;;;;;;;;;2.3;;;2365;2364
KANTOPSLUITING_ELEMENT;*;-;**;-;VH;-;KANTOPSLUITING;_;ELEMENT;;;;;;;;;;;-;G;;;;;*-**-VH-KANTOPSLUITING_ELEMENT-G;0.18;40;42;40;40;253;CONTINUOUS;0.35;40;42;40;40;253;CONTINUOUS;0.25;40;42;40;40;253;V-CONTINUOUS-SO;0.25;40;42;40;40;253;CONTINUOUS;;;5.0;KLEUREN AANGEPAST;GEWIJZIGD;2366;2360
KANTOPSLUITING_ELEMENT_BOOMKRANS;*;-;**;-;VH;-;KANTOPSLUITING;_;ELEMENT;_;BOOMKRANS;;;;;;;;;-;G/S;;;;SVH:SVH-BOOMKRANS;*-**-VH-KANTOPSLUITING_ELEMENT_BOOMKRANS-G/S;0.18;40;42;40;40;253;CONTINUOUS;0.35;40;42;40;40;253;CONTINUOUS;0.25;40;42;40;40;253;V-CONTINUOUS-SO;0.25;40;42;40;40;253;CONTINUOUS;;;5.0;VERPLAATST NAAR VH, KLEUREN AANGEPAST;GEWIJZIGD;3392;2366
KANTOPSLUITING_ELEMENT_BOOMKRANSBAND;*;-;**;-;VH;-;KANTOPSLUITING;_;ELEMENT;_;BOOMKRANSBAND;;;;;;;;;-;G/S;;;;SVH:SVH-BOOMKRANSBAND;*-**-VH-KANTOPSLUITING_ELEMENT_BOOMKRANSBAND-G/S;0.18;40;42;40;40;253;VH-BOOMKRANSBAND-SO;0.35;40;42;40;40;253;VH-BOOMKRANSBAND-SO;0.25;40;42;40;40;253;V-VH-BOOMKRANSBAND-SO;0.25;40;42;40;40;253;VH-BOOMKRANSBAND-SO;;;5.0;LINETYPE VOOR STATUS N VERVANGEN, KLEUREN AANGEPAST;GEWIJZIGD;2367;2366
KANTOPSLUITING_ELEMENT_HOEKBLOK;*;-;**;-;VH;-;KANTOPSLUITING;_;ELEMENT;_;HOEKBLOK;;;;;;;;;-;G/S;;;;SVH:SVH-KANTOPSLUITING_HOEKBLOK;*-**-VH-KANTOPSLUITING_ELEMENT_HOEKBLOK-G/S;0.18;40;42;40;40;253;CONTINUOUS;0.35;40;42;40;40;253;CONTINUOUS;0.25;40;42;40;40;253;V-CONTINUOUS-SO;0.25;40;42;40;40;253;CONTINUOUS;;;5.0;/S OBJECT TOEGEVOEGD, KLEUREN AANGEPAST;GEWIJZIGD;2368;2366
KANTOPSLUITING_ELEMENT_HOEKSTUK;*;-;**;-;VH;-;KANTOPSLUITING;_;ELEMENT;_;HOEKSTUK;;;;;;;;;-;G/S;;;;SVH:SVH-KANTOPSLUITING_HOEKSTUK;*-**-VH-KANTOPSLUITING_ELEMENT_HOEKSTUK-G/S;0.18;40;42;40;40;253;CONTINUOUS;0.35;40;42;40;40;253;CONTINUOUS;0.25;40;42;40;40;253;V-CONTINUOUS-SO;0.25;40;42;40;40;253;CONTINUOUS;;;5.0;SYMBOOLNAAM AANGEPAST, KLEUREN AANGEPAST;GEWIJZIGD;2369;2366
KANTOPSLUITING_ELEMENT_INRIT;*;-;**;-;VH;-;KANTOPSLUITING;_;ELEMENT;_;INRIT;;;;;;;;;-;G/S;;;;SVH:SVH-INRITELEMENT;*-**-VH-KANTOPSLUITING_ELEMENT_INRIT-G/S;0.18;40;42;40;40;253;CONTINUOUS;0.35;40;42;40;40;253;CONTINUOUS;0.25;40;42;40;40;253;V-CONTINUOUS-SO;0.25;40;42;40;40;253;CONTINUOUS;;;5.0;KLEUREN AANGEPAST;GEWIJZIGD;2370;2366
KANTOPSLUITING_ELEMENT_INRIT_PERRONBAND;*;-;**;-;VH;-;KANTOPSLUITING;_;ELEMENT;_;INRIT;_;PERRONBAND;;;;;;;-;G/S;;;;SVH:SVH-KANTOPSLUITING_INRITPERRONBAND;*-**-VH-KANTOPSLUITING_ELEMENT_INRIT_PERRONBAND-G/S;0.18;40;42;40;40;253;CONTINUOUS;0.35;40;42;40;40;253;CONTINUOUS;0.25;40;42;40;40;253;V-CONTINUOUS-SO;0.25;40;42;40;40;253;CONTINUOUS;;;5.0;KLEUREN AANGEPAST;GEWIJZIGD;2371;2370
KANTOPSLUITING_ELEMENT_INRITBAND;*;-;**;-;VH;-;KANTOPSLUITING;_;ELEMENT;_;INRITBAND;;;;;;;;;-;G/S;;;;SVH:SVH-KANTOPSLUITING_INRITBAND;*-**-VH-KANTOPSLUITING_ELEMENT_INRITBAND-G/S;0.18;40;42;40;40;253;CONTINUOUS;0.35;40;42;40;40;253;CONTINUOUS;0.25;40;42;40;40;253;V-CONTINUOUS-SO;0.25;40;42;40;40;253;CONTINUOUS;;;5.0;KLEUREN AANGEPAST;GEWIJZIGD;2372;2366
KANTOPSLUITING_ELEMENT_PARKEERBAND;*;-;**;-;VH;-;KANTOPSLUITING;_;ELEMENT;_;PARKEERBAND;;;;;;;;;-;G;;;;;*-**-VH-KANTOPSLUITING_ELEMENT_PARKEERBAND-G;0.18;40;42;40;40;253;CONTINUOUS;0.35;40;42;40;40;253;CONTINUOUS;0.25;40;42;40;40;253;V-CONTINUOUS-SO;0.25;40;42;40;40;253;CONTINUOUS;;;5.0;KLEUREN AANGEPAST;GEWIJZIGD;2373;2366
KANTOPSLUITING_ELEMENT_PERRONBAND;*;-;**;-;VH;-;KANTOPSLUITING;_;ELEMENT;_;PERRONBAND;;;;;;;;;-;G;;;;;*-**-VH-KANTOPSLUITING_ELEMENT_PERRONBAND-G;0.18;40;42;40;40;253;CONTINUOUS;0.35;40;42;40;40;253;CONTINUOUS;0.25;40;42;40;40;253;V-CONTINUOUS-SO;0.25;40;42;40;40;253;CONTINUOUS;;;5.0;KLEUREN AANGEPAST;GEWIJZIGD;2374;2366
KANTOPSLUITING_ELEMENT_PUNTSTUK;*;-;**;-;VH;-;KANTOPSLUITING;_;ELEMENT;_;PUNTSTUK;;;;;;;;;-;G;;;;;*-**-VH-KANTOPSLUITING_ELEMENT_PUNTSTUK-G;0.18;40;42;40;40;253;CONTINUOUS;0.35;40;42;40;40;253;CONTINUOUS;0.25;40;42;40;40;253;V-CONTINUOUS-SO;0.25;40;42;40;40;253;CONTINUOUS;;;5.0;KLEUREN AANGEPAST;GEWIJZIGD;2375;2366
KANTOPSLUITING_ELEMENT_VERLAAGDEBAND;*;-;**;-;VH;-;KANTOPSLUITING;_;ELEMENT;_;VERLAAGDEBAND;;;;;;;;;-;G;;;;;*-**-VH-KANTOPSLUITING_ELEMENT_VERLAAGDEBAND-G;0.18;40;42;40;40;253;CONTINUOUS;0.35;40;42;40;40;253;CONTINUOUS;0.25;40;42;40;40;253;V-CONTINUOUS-SO;0.25;40;42;40;40;253;CONTINUOUS;;;5.0;KLEUREN AANGEPAST;GEWIJZIGD;3080;2366
KANTOPSLUITING_ELEMENT_VERLOOPBAND;*;-;**;-;VH;-;KANTOPSLUITING;_;ELEMENT;_;VERLOOPBAND;;;;;;;;;-;G/S;;;;SVH:SVH-KANTOPSLUITING_VERLOOP;*-**-VH-KANTOPSLUITING_ELEMENT_VERLOOPBAND-G/S;0.18;40;42;40;40;253;CONTINUOUS;0.35;40;42;40;40;253;CONTINUOUS;0.25;40;42;40;40;253;V-CONTINUOUS-SO;0.25;40;42;40;40;253;CONTINUOUS;;;5.0;KLEUREN AANGEPAST;GEWIJZIGD;2376;2366
KANTOPSLUITING_GAZONBAND;*;-;**;-;VH;-;KANTOPSLUITING;_;GAZONBAND;;;;;;;;;;;-;G/S;;;;SVH:SVH-KANTOPSLUITING_GAZONBAND;*-**-VH-KANTOPSLUITING_GAZONBAND-G/S;0.18;90;92;90;90;253;VH-GAZONBAND-SO;0.35;90;92;90;90;253;VH-GAZONBAND-SO;0.25;90;92;90;90;253;V-VH-GAZONBAND-SO;0.25;90;92;90;90;253;VH-GAZONBAND-SO;;;4.2;4.2: doorsnedesymbool naam aangepast;GEWIJZIGD;2377;2360
KANTOPSLUITING_GAZONBAND-OPNIEUW STELLEN;*;-;**;-;VH;-;KANTOPSLUITING;_;GAZONBAND;;;;;;;;;-;OPNIEUW STELLEN;-;G;;;;;*-**-VH-KANTOPSLUITING_GAZONBAND-OPNIEUW STELLEN-G;;;;;;;;0.35;90;92;90;90;253;VH-GAZONBAND_STELLEN-SO;;;;;;;;;;;;;;;;;2.3;;;2385;2377
KANTOPSLUITING_GAZONBAND_100X200;*;-;**;-;VH;-;KANTOPSLUITING;_;GAZONBAND;_;100X200;;;;;;;;;-;G;;;;;*-**-VH-KANTOPSLUITING_GAZONBAND_100X200-G;0.18;90;92;90;90;253;VH-GAZONBAND-SO;0.35;90;92;90;90;253;VH-GAZONBAND-SO;0.25;90;92;90;90;253;V-VH-GAZONBAND-SO;0.25;90;92;90;90;253;VH-GAZONBAND-SO;;;5.0;lijntype gewijzigd, ;GEWIJZIGD;2380;2377
KANTOPSLUITING_GAZONBAND_100X300;*;-;**;-;VH;-;KANTOPSLUITING;_;GAZONBAND;_;100X300;;;;;;;;;-;G;;;;;*-**-VH-KANTOPSLUITING_GAZONBAND_100X300-G;0.18;90;92;90;90;253;VH-GAZONBAND-SO;0.35;90;92;90;90;253;VH-GAZONBAND-SO;0.25;90;92;90;90;253;V-VH-GAZONBAND-SO;0.25;90;92;90;90;253;VH-GAZONBAND-SO;;;5.0;lijntype gewijzigd, ;GEWIJZIGD;2381;2377
KANTOPSLUITING_GAZONBAND_120X200;*;-;**;-;VH;-;KANTOPSLUITING;_;GAZONBAND;_;120X200;;;;;;;;;-;G;;;;;*-**-VH-KANTOPSLUITING_GAZONBAND_120X200-G;0.18;90;92;90;90;253;VH-GAZONBAND-SO;0.35;90;92;90;90;253;VH-GAZONBAND-SO;0.25;90;92;90;90;253;V-VH-GAZONBAND-SO;0.25;90;92;90;90;253;VH-GAZONBAND-SO;;;5.0;lijntype gewijzigd, ;GEWIJZIGD;2382;2377
KANTOPSLUITING_GAZONBAND_120X250;*;-;**;-;VH;-;KANTOPSLUITING;_;GAZONBAND;_;120X250;;;;;;;;;-;G;;;;;*-**-VH-KANTOPSLUITING_GAZONBAND_120X250-G;0.18;90;92;90;90;253;VH-GAZONBAND-SO;0.35;90;92;90;90;253;VH-GAZONBAND-SO;0.25;90;92;90;90;253;V-VH-GAZONBAND-SO;0.25;90;92;90;90;253;VH-GAZONBAND-SO;;;5.0;lijntype gewijzigd, ;GEWIJZIGD;2383;2377
KANTOPSLUITING_GAZONBAND_150X400;*;-;**;-;VH;-;KANTOPSLUITING;_;GAZONBAND;_;150X400;;;;;;;;;-;G;;;;;*-**-VH-KANTOPSLUITING_GAZONBAND_150X400-G;0.18;90;92;90;90;253;VH-GAZONBAND-SO;0.35;90;92;90;90;253;VH-GAZONBAND-SO;0.25;90;92;90;90;253;V-VH-GAZONBAND-SO;0.25;90;92;90;90;253;VH-GAZONBAND-SO;;;5.0;lijntype gewijzigd, ;GEWIJZIGD;2384;2377
KANTOPSLUITING_GAZONBAND_60X200;*;-;**;-;VH;-;KANTOPSLUITING;_;GAZONBAND;_;60X200;;;;;;;;;-;G;;;;;*-**-VH-KANTOPSLUITING_GAZONBAND_60X200-G;0.18;90;92;90;90;253;VH-GAZONBAND-SO;0.35;90;92;90;90;253;VH-GAZONBAND-SO;0.25;90;92;90;90;253;V-VH-GAZONBAND-SO;0.25;90;92;90;90;253;VH-GAZONBAND-SO;;;2.5;;;2378;2377
KANTOPSLUITING_GAZONBAND_80X200;*;-;**;-;VH;-;KANTOPSLUITING;_;GAZONBAND;_;80X200;;;;;;;;;-;G;;;;;*-**-VH-KANTOPSLUITING_GAZONBAND_80X200-G;0.18;90;92;90;90;253;VH-GAZONBAND-SO;0.35;90;92;90;90;253;VH-GAZONBAND-SO;0.25;90;92;90;90;253;V-VH-GAZONBAND-SO;0.25;90;92;90;90;253;VH-GAZONBAND-SO;;;5.0;lijntype gewijzigd, ;GEWIJZIGD;2379;2377
KANTOPSLUITING_GELEIDEBAND;*;-;**;-;VH;-;KANTOPSLUITING;_;GELEIDEBAND;;;;;;;;;;;-;G/S;;;;SVH:SVH-KANTOPSLUITING_GELEIDEBAND;*-**-VH-KANTOPSLUITING_GELEIDEBAND-G/S;0.18;20;22;20;20;253;VH-GELEIDEBAND-SO;0.35;20;22;20;20;253;VH-GELEIDEBAND-SO;0.25;20;22;20;20;253;V-VH-GELEIDEBAND-SO;0.25;20;22;20;20;253;VH-GELEIDEBAND-SO;;;4.2;4.2: doorsnedesymbool naam aangepast;GEWIJZIGD;2386;2360
KANTOPSLUITING_GELEIDEBAND-OPNIEUW STELLEN;*;-;**;-;VH;-;KANTOPSLUITING;_;GELEIDEBAND;;;;;;;;;-;OPNIEUW STELLEN;-;G/S;;;;SVH:SVH-KANTOPSLUITING_GEL;*-**-VH-KANTOPSLUITING_GELEIDEBAND-OPNIEUW STELLEN-G/S;;;;;;;;0.35;20;22;20;20;253;VH-GELEIDEBAND_STELLEN-SO;;;;;;;;;;;;;;;;;2.3;;;2393;2386
KANTOPSLUITING_GELEIDEBAND_50X150;*;-;**;-;VH;-;KANTOPSLUITING;_;GELEIDEBAND;_;50X150;;;;;;;;;-;G;;;;;*-**-VH-KANTOPSLUITING_GELEIDEBAND_50X150-G;0.18;20;22;20;20;253;VH-GELEIDEBAND-SO;0.35;20;22;20;20;253;VH-GELEIDEBAND-SO;0.25;20;22;20;20;253;V-VH-GELEIDEBAND-SO;0.25;20;22;20;20;253;VH-GELEIDEBAND-SO;;;5.0;lijntype gewijzigd, ;GEWIJZIGD;2387;2386
KANTOPSLUITING_GELEIDEBAND_50X200;*;-;**;-;VH;-;KANTOPSLUITING;_;GELEIDEBAND;_;50X200;;;;;;;;;-;G;;;;;*-**-VH-KANTOPSLUITING_GELEIDEBAND_50X200-G;0.18;20;22;20;20;253;VH-GELEIDEBAND-SO;0.35;20;22;20;20;253;VH-GELEIDEBAND-SO;0.25;20;22;20;20;253;V-VH-GELEIDEBAND-SO;0.25;20;22;20;20;253;VH-GELEIDEBAND-SO;;;5.0;lijntype gewijzigd, ;GEWIJZIGD;2388;2386
KANTOPSLUITING_GELEIDEBAND_60X120;*;-;**;-;VH;-;KANTOPSLUITING;_;GELEIDEBAND;_;60X120;;;;;;;;;-;G;;;;;*-**-VH-KANTOPSLUITING_GELEIDEBAND_60X120-G;0.18;20;22;20;20;253;VH-GELEIDEBAND-SO;0.35;20;22;20;20;253;VH-GELEIDEBAND-SO;0.25;20;22;20;20;253;V-VH-GELEIDEBAND-SO;0.25;20;22;20;20;253;VH-GELEIDEBAND-SO;;;5.0;lijntype gewijzigd, ;GEWIJZIGD;2389;2386
KANTOPSLUITING_GELEIDEBAND_70X150;*;-;**;-;VH;-;KANTOPSLUITING;_;GELEIDEBAND;_;70X150;;;;;;;;;-;G;;;;;*-**-VH-KANTOPSLUITING_GELEIDEBAND_70X150-G;0.18;20;22;20;20;253;VH-GELEIDEBAND-SO;0.35;20;22;20;20;253;VH-GELEIDEBAND-SO;0.25;20;22;20;20;253;V-VH-GELEIDEBAND-SO;0.25;20;22;20;20;253;VH-GELEIDEBAND-SO;;;5.0;lijntype gewijzigd, ;GEWIJZIGD;2390;2386
KANTOPSLUITING_GELEIDEBAND_70X200;*;-;**;-;VH;-;KANTOPSLUITING;_;GELEIDEBAND;_;70X200;;;;;;;;;-;G;;;;;*-**-VH-KANTOPSLUITING_GELEIDEBAND_70X200-G;0.18;20;22;20;20;253;VH-GELEIDEBAND-SO;0.35;20;22;20;20;253;VH-GELEIDEBAND-SO;0.25;20;22;20;20;253;V-VH-GELEIDEBAND-SO;0.25;20;22;20;20;253;VH-GELEIDEBAND-SO;;;5.0;lijntype gewijzigd, ;GEWIJZIGD;2391;2386
KANTOPSLUITING_GELEIDEBAND_80X160;*;-;**;-;VH;-;KANTOPSLUITING;_;GELEIDEBAND;_;80X160;;;;;;;;;-;G;;;;;*-**-VH-KANTOPSLUITING_GELEIDEBAND_80X160-G;0.18;20;22;20;20;253;VH-GELEIDEBAND-SO;0.35;20;22;20;20;253;VH-GELEIDEBAND-SO;0.25;20;22;20;20;253;V-VH-GELEIDEBAND-SO;0.25;20;22;20;20;253;VH-GELEIDEBAND-SO;;;5.0;lijntype gewijzigd, ;GEWIJZIGD;2392;2386
KANTOPSLUITING_HAVENBAND;*;-;**;-;VH;-;KANTOPSLUITING;_;HAVENBAND;;;;;;;;;;;-;G/S;;;;SVH:SVH-KANTOPSLUITING_HAVENBAND;*-**-VH-KANTOPSLUITING_HAVENBAND-G/S;0.18;140;142;140;140;253;VH-HAVENBAND-SO;0.35;140;142;140;140;253;VH-HAVENBAND-SO;0.25;140;142;140;140;253;V-VH-HAVENBAND-SO;0.25;140;142;140;140;253;VH-HAVENBAND-SO;;;4.2;4.2: doorsnedesymbool naam aangepast;GEWIJZIGD;2394;2360
KANTOPSLUITING_INRITBAND;*;-;**;-;VH;-;KANTOPSLUITING;_;INRITBAND;;;;;;;;;;;-;G;;;;;*-**-VH-KANTOPSLUITING_INRITBAND-G;0.18;210;212;210;210;253;CONTINUOUS;0.35;210;212;210;210;253;CONTINUOUS;0.25;210;212;210;210;253;V-CONTINUOUS-SO;0.25;210;212;210;210;253;CONTINUOUS;;;2.3;;;2395;2360
KANTOPSLUITING_LEICONBLOK;*;-;**;-;VH;-;KANTOPSLUITING;_;LEICONBLOK;;;;;;;;;;;-;G/S;;;;SVH:SVH-KANTOPSLUITING_LEICONBAND;*-**-VH-KANTOPSLUITING_LEICONBLOK-G/S;0.18;7;252;7;7;253;VH-LEICON-SO;0.35;7;252;7;7;253;VH-LEICON-SO;0.25;7;252;7;7;253;V-VH-LEICON-SO;0.25;7;252;7;7;253;VH-LEICON-SO;;;5.0;KLEUREN AANGEPAST;GEWIJZIGD;2396;2360
KANTOPSLUITING_OPSLUITBAND;*;-;**;-;VH;-;KANTOPSLUITING;_;OPSLUITBAND;;;;;;;;;;;-;G/S;;;;SVH:SVH-KANTOPSLUITING_OPSLUITBAND;*-**-VH-KANTOPSLUITING_OPSLUITBAND-G/S;0.18;150;152;150;150;253;VH-OPSLUITBAND-SO;0.35;150;152;150;150;253;VH-OPSLUITBAND-SO;0.25;150;152;150;150;253;V-VH-OPSLUITBAND-SO;0.25;150;152;150;150;253;VH-OPSLUITBAND-SO;;;4.2;4.2: doorsnedesymbool naam aangepast;GEWIJZIGD;2397;2360
KANTOPSLUITING_OPSLUITBAND-OPNIEUW STELLEN;*;-;**;-;VH;-;KANTOPSLUITING;_;OPSLUITBAND;;;;;;;;;-;OPNIEUW STELLEN;-;G;;;;;*-**-VH-KANTOPSLUITING_OPSLUITBAND-OPNIEUW STELLEN-G;;;;;;;;0.35;150;152;150;150;253;VH-OPSLUITBAND_STELLEN-SO;;;;;;;;;;;;;;;;;2.3;;;2408;2397
KANTOPSLUITING_OPSLUITBAND_100X200;*;-;**;-;VH;-;KANTOPSLUITING;_;OPSLUITBAND;_;100X200;;;;;;;;;-;G;;;;;*-**-VH-KANTOPSLUITING_OPSLUITBAND_100X200-G;0.18;150;152;150;150;253;VH-OPSLUITBAND-SO;0.35;150;152;150;150;253;VH-OPSLUITBAND-SO;0.25;150;152;150;150;253;V-VH-OPSLUITBAND-SO;0.25;150;152;150;150;253;VH-OPSLUITBAND-SO;;;5.0;lijntype gewijzigd, ;GEWIJZIGD;2401;2397
KANTOPSLUITING_OPSLUITBAND_100X300;*;-;**;-;VH;-;KANTOPSLUITING;_;OPSLUITBAND;_;100X300;;;;;;;;;-;G;;;;;*-**-VH-KANTOPSLUITING_OPSLUITBAND_100X300-G;0.18;150;152;150;150;253;VH-OPSLUITBAND-SO;0.35;150;152;150;150;253;VH-OPSLUITBAND-SO;0.25;150;152;150;150;253;V-VH-OPSLUITBAND-SO;0.25;150;152;150;150;253;VH-OPSLUITBAND-SO;;;5.0;lijntype gewijzigd, ;GEWIJZIGD;2402;2397
KANTOPSLUITING_OPSLUITBAND_100X400;*;-;**;-;VH;-;KANTOPSLUITING;_;OPSLUITBAND;_;100X400;;;;;;;;;-;G;;;;;*-**-VH-KANTOPSLUITING_OPSLUITBAND_100X400-G;0.18;150;152;150;150;253;VH-OPSLUITBAND-SO;0.35;150;152;150;150;253;VH-OPSLUITBAND-SO;0.25;150;152;150;150;253;V-VH-OPSLUITBAND-SO;0.25;150;152;150;150;253;VH-OPSLUITBAND-SO;;;5.0;lijntype gewijzigd, ;GEWIJZIGD;2403;2397
KANTOPSLUITING_OPSLUITBAND_120X250;*;-;**;-;VH;-;KANTOPSLUITING;_;OPSLUITBAND;_;120X250;;;;;;;;;-;G;;;;;*-**-VH-KANTOPSLUITING_OPSLUITBAND_120X250-G;0.18;150;152;150;150;253;VH-OPSLUITBAND-SO;0.35;150;152;150;150;253;VH-OPSLUITBAND-SO;0.25;150;152;150;150;253;V-VH-OPSLUITBAND-SO;0.25;150;152;150;150;253;VH-OPSLUITBAND-SO;;;5.0;lijntype gewijzigd, ;GEWIJZIGD;2404;2397
KANTOPSLUITING_OPSLUITBAND_150X250;*;-;**;-;VH;-;KANTOPSLUITING;_;OPSLUITBAND;_;150X250;;;;;;;;;-;G;;;;;*-**-VH-KANTOPSLUITING_OPSLUITBAND_150X250-G;0.18;150;152;150;150;253;VH-OPSLUITBAND-SO;0.35;150;152;150;150;253;VH-OPSLUITBAND-SO;0.25;150;152;150;150;253;V-VH-OPSLUITBAND-SO;0.25;150;152;150;150;253;VH-OPSLUITBAND-SO;;;5.0;lijntype gewijzigd, ;GEWIJZIGD;2405;2397
KANTOPSLUITING_OPSLUITBAND_150X300;*;-;**;-;VH;-;KANTOPSLUITING;_;OPSLUITBAND;_;150X300;;;;;;;;;-;G;;;;;*-**-VH-KANTOPSLUITING_OPSLUITBAND_150X300-G;0.18;150;152;150;150;253;VH-OPSLUITBAND-SO;0.35;150;152;150;150;253;VH-OPSLUITBAND-SO;0.25;150;152;150;150;253;V-VH-OPSLUITBAND-SO;0.25;150;152;150;150;253;VH-OPSLUITBAND-SO;;;5.0;lijntype gewijzigd, ;GEWIJZIGD;2406;2397
KANTOPSLUITING_OPSLUITBAND_150X400;*;-;**;-;VH;-;KANTOPSLUITING;_;OPSLUITBAND;_;150X400;;;;;;;;;-;G;;;;;*-**-VH-KANTOPSLUITING_OPSLUITBAND_150X400-G;0.18;150;152;150;150;253;VH-OPSLUITBAND-SO;0.35;150;152;150;150;253;VH-OPSLUITBAND-SO;0.25;150;152;150;150;253;V-VH-OPSLUITBAND-SO;0.25;150;152;150;150;253;VH-OPSLUITBAND-SO;;;5.0;lijntype gewijzigd, ;GEWIJZIGD;2407;2397
KANTOPSLUITING_OPSLUITBAND_60X150;*;-;**;-;VH;-;KANTOPSLUITING;_;OPSLUITBAND;_;60X150;;;;;;;;;-;G;;;;;*-**-VH-KANTOPSLUITING_OPSLUITBAND_60X150-G;0.18;150;152;150;150;253;VH-OPSLUITBAND-SO;0.35;150;152;150;150;253;VH-OPSLUITBAND-SO;0.25;150;152;150;150;253;V-VH-OPSLUITBAND-SO;0.25;150;152;150;150;253;VH-OPSLUITBAND-SO;;;5.0;lijntype gewijzigd, ;GEWIJZIGD;2398;2397
KANTOPSLUITING_OPSLUITBAND_60X200;*;-;**;-;VH;-;KANTOPSLUITING;_;OPSLUITBAND;_;60X200;;;;;;;;;-;G;;;;;*-**-VH-KANTOPSLUITING_OPSLUITBAND_60X200-G;0.18;150;152;150;150;253;VH-OPSLUITBAND-SO;0.35;150;152;150;150;253;VH-OPSLUITBAND-SO;0.25;150;152;150;150;253;V-VH-OPSLUITBAND-SO;0.25;150;152;150;150;253;VH-OPSLUITBAND-SO;;;5.0;lijntype gewijzigd, ;GEWIJZIGD;2399;2397
KANTOPSLUITING_OPSLUITBAND_80X200;*;-;**;-;VH;-;KANTOPSLUITING;_;OPSLUITBAND;_;80X200;;;;;;;;;-;G;;;;;*-**-VH-KANTOPSLUITING_OPSLUITBAND_80X200-G;0.18;150;152;150;150;253;VH-OPSLUITBAND-SO;0.35;150;152;150;150;253;VH-OPSLUITBAND-SO;0.25;150;152;150;150;253;V-VH-OPSLUITBAND-SO;0.25;150;152;150;150;253;VH-OPSLUITBAND-SO;;;5.0;lijntype gewijzigd, ;GEWIJZIGD;2400;2397
KANTOPSLUITING_PLAKBAND;*;-;**;-;VH;-;KANTOPSLUITING;_;PLAKBAND;;;;;;;;;;;-;G/S;;;;SVH:SVH-KANTOPSLUITING_PLAKBAND;*-**-VH-KANTOPSLUITING_PLAKBAND-G/S;0.18;210;212;210;210;253;CONTINUOUS;0.35;210;212;210;210;253;CONTINUOUS;0.25;210;212;210;210;253;V-CONTINUOUS-SO;0.25;210;212;210;210;253;CONTINUOUS;;;5.0;/S OBJECT TOEGEVOEGD;GEWIJZIGD;2409;2360
KANTOPSLUITING_PLATEAUBAND;*;-;**;-;VH;-;KANTOPSLUITING;_;PLATEAUBAND;;;;;;;;;;;-;G;;;;;*-**-VH-KANTOPSLUITING_PLATEAUBAND-G;0.18;30;32;30;30;253;VH-PLATEAUBAND-SO;0.35;30;32;30;30;253;VH-PLATEAUBAND-SO;0.25;30;32;30;30;253;V-VH-PLATEAUBAND-SO;0.25;30;32;30;30;253;VH-PLATEAUBAND-SO;;;5.0;SYMBOLEN BESTONDEN NIET -> /S VERWIJDERD UIT OBJECT;GEWIJZIGD;2410;2360
KANTOPSLUITING_PLATEAUBAND-OPNIEUW STELLEN;*;-;**;-;VH;-;KANTOPSLUITING;_;PLATEAUBAND;;;;;;;;;-;OPNIEUW STELLEN;-;G;;;;;*-**-VH-KANTOPSLUITING_PLATEAUBAND-OPNIEUW STELLEN-G;;;;;;;;0.35;30;32;30;30;253;VH-PLATEAUBAND_STELLEN-SO;;;;;;;;;;;;;;;;;2.3;;;2412;2410
KANTOPSLUITING_PLATEAUBAND_60X120;*;-;**;-;VH;-;KANTOPSLUITING;_;PLATEAUBAND;_;60X120;;;;;;;;;-;G;;;;;*-**-VH-KANTOPSLUITING_PLATEAUBAND_60X120-G;0.18;30;32;30;30;253;VH-PLATEAUBAND-SO;0.35;30;32;30;30;253;VH-PLATEAUBAND-SO;0.25;30;32;30;30;253;V-VH-PLATEAUBAND-SO;0.25;30;32;30;30;253;VH-PLATEAUBAND-SO;;;5.0;lijntype gewijzigd, ;GEWIJZIGD;2411;2410
KANTOPSLUITING_PWSBAND;*;-;**;-;VH;-;KANTOPSLUITING;_;PWSBAND;;;;;;;;;;;-;G/S;;;;SVH:SVH-KANTOPSLUITING_PWS;*-**-VH-KANTOPSLUITING_PWSBAND-G/S;0.18;120;122;120;120;253;VH-PWSBAND-SO;0.35;120;122;120;120;253;VH-PWSBAND-SO;0.25;120;122;120;120;253;V-VH-PWSBAND-SO;0.25;120;122;120;120;253;VH-PWSBAND-SO;;;2.3;;;2413;2360
KANTOPSLUITING_PWSBAND-OPNIEUW STELLEN;*;-;**;-;VH;-;KANTOPSLUITING;_;PWSBAND;;;;;;;;;-;OPNIEUW STELLEN;-;G;;;;;*-**-VH-KANTOPSLUITING_PWSBAND-OPNIEUW STELLEN-G;;;;;;;;0.35;120;122;120;120;253;VH-PWSBAND_STELLEN-SO;;;;;;;;;;;;;;;;;2.3;;;2415;2413
KANTOPSLUITING_PWSBAND_250X130;*;-;**;-;VH;-;KANTOPSLUITING;_;PWSBAND;_;250X130;;;;;;;;;-;G;;;;;*-**-VH-KANTOPSLUITING_PWSBAND_250X130-G;0.18;120;122;120;120;253;VH-PWSBAND-SO;0.35;120;122;120;120;253;VH-PWSBAND-SO;0.25;120;122;120;120;253;VH-PWSBAND-SO;0.25;120;122;120;120;253;VH-PWSBAND-SO;;;5.0;Linetype bug verholpenlijntype gewijzigd, ;GEWIJZIGD;2414;2413
KANTOPSLUITING_RIJWIELPADBAND;*;-;**;-;VH;-;KANTOPSLUITING;_;RIJWIELPADBAND;;;;;;;;;;;-;G/S;;;;SVH:SVH-KANTOPSLUITING_RIJWIELPADBAND;*-**-VH-KANTOPSLUITING_RIJWIELPADBAND-G/S;0.18;10;12;10;10;253;VH-RIJWIELPADBAND-SO;0.35;10;12;10;10;253;VH-RIJWIELPADBAND-SO;0.25;10;12;10;10;253;V-VH-RIJWIELPADBAND-SO;0.25;10;12;10;10;253;VH-RIJWIELPADBAND-SO;;;4.2;4.2: doorsnedesymbool naam aangepast;GEWIJZIGD;2416;2360
KANTOPSLUITING_RIJWIELPADBAND-OPNIEUW STELLEN;*;-;**;-;VH;-;KANTOPSLUITING;_;RIJWIELPADBAND;;;;;;;;;-;OPNIEUW STELLEN;-;G;;;;;*-**-VH-KANTOPSLUITING_RIJWIELPADBAND-OPNIEUW STELLEN-G;;;;;;;;0.35;10;12;10;10;253;VH-RIJWIELPADBAND_STELLEN-SO;;;;;;;;;;;;;;;;;3.0;G/S vervangen door G;GEWIJZIGD;2419;2416
KANTOPSLUITING_RIJWIELPADBAND_380X200;*;-;**;-;VH;-;KANTOPSLUITING;_;RIJWIELPADBAND;_;380X200;;;;;;;;;-;G;;;;;*-**-VH-KANTOPSLUITING_RIJWIELPADBAND_380X200-G;0.18;10;12;10;10;253;VH-RIJWIELPADBAND-SO;0.35;10;12;10;10;253;VH-RIJWIELPADBAND-SO;0.25;10;12;10;10;253;V-VH-RIJWIELPADBAND-SO;0.25;10;12;10;10;253;VH-RIJWIELPADBAND-SO;;;5.0;lijntype gewijzigd, ;GEWIJZIGD;2417;2416
KANTOPSLUITING_RIJWIELPADBAND_410X250;*;-;**;-;VH;-;KANTOPSLUITING;_;RIJWIELPADBAND;_;410X250;;;;;;;;;-;G;;;;;*-**-VH-KANTOPSLUITING_RIJWIELPADBAND_410X250-G;0.18;10;12;10;10;253;VH-RIJWIELPADBAND-SO;0.35;10;12;10;10;253;VH-RIJWIELPADBAND-SO;0.25;10;12;10;10;253;V-VH-RIJWIELPADBAND-SO;0.25;10;12;10;10;253;VH-RIJWIELPADBAND-SO;;;5.0;lijntype gewijzigd, ;GEWIJZIGD;2418;2416
KANTOPSLUITING_ROTONDEBLOK;*;-;**;-;VH;-;KANTOPSLUITING;_;ROTONDEBLOK;;;;;;;;;;;-;G/S;;;;SVH:SVH-KANTOPSLUITING_ROTONDE;*-**-VH-KANTOPSLUITING_ROTONDEBLOK-G/S;0.18;210;212;210;210;253;CONTINUOUS;0.35;210;212;210;210;253;CONTINUOUS;0.25;210;212;210;210;253;V-CONTINUOUS-SO;0.25;210;212;210;210;253;CONTINUOUS;;;2.3;;;2420;2360
KANTOPSLUITING_ROTONDEBLOK_500 200;*;-;**;-;VH;-;KANTOPSLUITING;_;ROTONDEBLOK;_;500 200;;;;;;;;;-;G;;;;;*-**-VH-KANTOPSLUITING_ROTONDEBLOK_500 200-G;0.18;210;212;210;210;253;CONTINUOUS;0.35;210;212;210;210;253;CONTINUOUS;0.25;210;212;210;210;253;V-CONTINUOUS-SO;0.25;210;212;210;210;253;CONTINUOUS;;;2.3;;;2421;2420
KANTOPSLUITING_SCHEIDINGSBAND;*;-;**;-;VH;-;KANTOPSLUITING;_;SCHEIDINGSBAND;;;;;;;;;;;-;G/S;;;;SVH:SVH-KANTOPSLUITING_SCHEIDINGSBAND;*-**-VH-KANTOPSLUITING_SCHEIDINGSBAND-G/S;0.18;190;192;190;190;253;VH-SCHEIDINGSBAND-SO;0.35;190;192;190;190;253;VH-SCHEIDINGSBAND-SO;0.25;190;192;190;190;253;V-VH-SCHEIDINGSBAND-SO;0.25;190;192;190;190;253;VH-SCHEIDINGSBAND-SO;;;4.2;4.2: doorsnedesymbool naam aangepast;GEWIJZIGD;2422;2360
KANTOPSLUITING_SCHEIDINGSBAND-OPNIEUW STELLEN;*;-;**;-;VH;-;KANTOPSLUITING;_;SCHEIDINGSBAND;;;;;;;;;-;OPNIEUW STELLEN;-;G;;;;;*-**-VH-KANTOPSLUITING_SCHEIDINGSBAND-OPNIEUW STELLEN-G;;;;;;;;0.35;190;192;190;190;253;VH-SCHEIDINGSBAND_STELLEN-SO;;;;;;;;;;;;;;;;;2.3;;;2432;2422
KANTOPSLUITING_SCHEIDINGSBAND_100X300;*;-;**;-;VH;-;KANTOPSLUITING;_;SCHEIDINGSBAND;_;100X300;;;;;;;;;-;G;;;;;*-**-VH-KANTOPSLUITING_SCHEIDINGSBAND_100X300-G;0.18;190;192;190;190;253;VH-SCHEIDINGSBAND-SO;0.35;190;192;190;190;253;VH-SCHEIDINGSBAND-SO;0.25;190;192;190;190;253;V-VH-SCHEIDINGSBAND-SO;0.25;190;192;190;190;253;VH-SCHEIDINGSBAND-SO;;;5.0;lijntype gewijzigd, ;GEWIJZIGD;2423;2422
KANTOPSLUITING_SCHEIDINGSBAND_110X250;*;-;**;-;VH;-;KANTOPSLUITING;_;SCHEIDINGSBAND;_;110X250;;;;;;;;;-;G;;;;;*-**-VH-KANTOPSLUITING_SCHEIDINGSBAND_110X250-G;0.18;190;192;190;190;253;VH-SCHEIDINGSBAND-SO;0.35;190;192;190;190;253;VH-SCHEIDINGSBAND-SO;0.25;190;192;190;190;253;V-VH-SCHEIDINGSBAND-SO;0.25;190;192;190;190;253;VH-SCHEIDINGSBAND-SO;;;5.0;lijntype gewijzigd, ;GEWIJZIGD;2424;2422
KANTOPSLUITING_SCHEIDINGSBAND_120X350;*;-;**;-;VH;-;KANTOPSLUITING;_;SCHEIDINGSBAND;_;120X350;;;;;;;;;-;G;;;;;*-**-VH-KANTOPSLUITING_SCHEIDINGSBAND_120X350-G;0.18;190;192;190;190;253;VH-SCHEIDINGSBAND-SO;0.35;190;192;190;190;253;VH-SCHEIDINGSBAND-SO;0.25;190;192;190;190;253;V-VH-SCHEIDINGSBAND-SO;0.25;190;192;190;190;253;VH-SCHEIDINGSBAND-SO;;;5.0;lijntype gewijzigd, ;GEWIJZIGD;2425;2422
KANTOPSLUITING_SCHEIDINGSBAND_150X390;*;-;**;-;VH;-;KANTOPSLUITING;_;SCHEIDINGSBAND;_;150X390;;;;;;;;;-;G;;;;;*-**-VH-KANTOPSLUITING_SCHEIDINGSBAND_150X390-G;0.18;190;192;190;190;253;VH-SCHEIDINGSBAND-SO;0.35;190;192;190;190;253;VH-SCHEIDINGSBAND-SO;0.25;190;192;190;190;253;V-VH-SCHEIDINGSBAND-SO;0.25;190;192;190;190;253;VH-SCHEIDINGSBAND-SO;;;5.0;lijntype gewijzigd, ;GEWIJZIGD;2426;2422
KANTOPSLUITING_SCHEIDINGSBAND_160X200;*;-;**;-;VH;-;KANTOPSLUITING;_;SCHEIDINGSBAND;_;160X200;;;;;;;;;-;G;;;;;*-**-VH-KANTOPSLUITING_SCHEIDINGSBAND_160X200-G;0.18;190;192;190;190;253;VH-SCHEIDINGSBAND-SO;0.35;190;192;190;190;253;VH-SCHEIDINGSBAND-SO;0.25;190;192;190;190;253;V-VH-SCHEIDINGSBAND-SO;0.25;190;192;190;190;253;VH-SCHEIDINGSBAND-SO;;;5.0;lijntype gewijzigd, ;GEWIJZIGD;2427;2422
KANTOPSLUITING_SCHEIDINGSBAND_200X400;*;-;**;-;VH;-;KANTOPSLUITING;_;SCHEIDINGSBAND;_;200X400;;;;;;;;;-;G;;;;;*-**-VH-KANTOPSLUITING_SCHEIDINGSBAND_200X400-G;0.18;190;192;190;190;253;VH-SCHEIDINGSBAND-SO;0.35;190;192;190;190;253;VH-SCHEIDINGSBAND-SO;0.25;190;192;190;190;253;V-VH-SCHEIDINGSBAND-SO;0.25;190;192;190;190;253;VH-SCHEIDINGSBAND-SO;;;5.0;lijntype gewijzigd, ;GEWIJZIGD;2428;2422
KANTOPSLUITING_SCHEIDINGSBAND_220X440;*;-;**;-;VH;-;KANTOPSLUITING;_;SCHEIDINGSBAND;_;220X440;;;;;;;;;-;G;;;;;*-**-VH-KANTOPSLUITING_SCHEIDINGSBAND_220X440-G;0.18;190;192;190;190;253;VH-SCHEIDINGSBAND-SO;0.35;190;192;190;190;253;VH-SCHEIDINGSBAND-SO;0.25;190;192;190;190;253;V-VH-SCHEIDINGSBAND-SO;0.25;190;192;190;190;253;VH-SCHEIDINGSBAND-SO;;;5.0;lijntype gewijzigd, ;GEWIJZIGD;2429;2422
KANTOPSLUITING_SCHEIDINGSBAND_360X400;*;-;**;-;VH;-;KANTOPSLUITING;_;SCHEIDINGSBAND;_;360X400;;;;;;;;;-;G;;;;;*-**-VH-KANTOPSLUITING_SCHEIDINGSBAND_360X400-G;0.18;190;192;190;190;253;VH-SCHEIDINGSBAND-SO;0.35;190;192;190;190;253;VH-SCHEIDINGSBAND-SO;0.25;190;192;190;190;253;V-VH-SCHEIDINGSBAND-SO;0.25;190;192;190;190;253;VH-SCHEIDINGSBAND-SO;;;5.0;lijntype gewijzigd, ;GEWIJZIGD;2430;2422
KANTOPSLUITING_SCHEIDINGSBAND_470X500;*;-;**;-;VH;-;KANTOPSLUITING;_;SCHEIDINGSBAND;_;470X500;;;;;;;;;-;G;;;;;*-**-VH-KANTOPSLUITING_SCHEIDINGSBAND_470X500-G;0.18;190;192;190;190;253;VH-SCHEIDINGSBAND-SO;0.35;190;192;190;190;253;VH-SCHEIDINGSBAND-SO;0.25;190;192;190;190;253;V-VH-SCHEIDINGSBAND-SO;0.25;190;192;190;190;253;VH-SCHEIDINGSBAND-SO;;;5.0;lijntype gewijzigd, ;GEWIJZIGD;2431;2422
KANTOPSLUITING_SIGNALERINGSBAND;*;-;**;-;VH;-;KANTOPSLUITING;_;SIGNALERINGSBAND;;;;;;;;;;;-;G/S;;;;SVH:SVH-KANTOPSLUITING_SIGNALERINGSBAND;*-**-VH-KANTOPSLUITING_SIGNALERINGSBAND-G/S;0.18;210;212;210;210;253;VH-SIGNALERINGSBAND-SO;0.35;210;212;210;210;253;VH-SIGNALERINGSBAND-SO;0.25;210;212;210;210;253;V-VH-SIGNALERINGSBAND-SO;0.25;210;212;210;210;253;VH-SIGNALERINGSBAND-SO;;;4.2;4.2: doorsnedesymbool naam aangepast;GEWIJZIGD;2433;2360
KANTOPSLUITING_SIGNALERINGSBAND_LED;*;-;**;-;VH;-;KANTOPSLUITING;_;SIGNALERINGSBAND;_;LED;;;;;;;;;-;G;;;;;*-**-VH-KANTOPSLUITING_SIGNALERINGSBAND_LED-G;0.18;210;212;210;210;253;VH-SIGNALERINGSBAND-SO;0.35;210;212;210;210;253;VH-SIGNALERINGSBAND-SO;0.25;210;212;210;210;253;V-VH-SIGNALERINGSBAND-SO;0.25;210;212;210;210;253;VH-SIGNALERINGSBAND-SO;;;5.0;lijntype gewijzigd, ;GEWIJZIGD;2434;2433
KANTOPSLUITING_SIGNALERINGSBAND_LIJNREFLECTOR;*;-;**;-;VH;-;KANTOPSLUITING;_;SIGNALERINGSBAND;_;LIJNREFLECTOR;;;;;;;;;-;G;;;;;*-**-VH-KANTOPSLUITING_SIGNALERINGSBAND_LIJNREFLECTOR-G;0.18;210;212;210;210;253;VH-SIGNALERINGSBAND-SO;0.35;210;212;210;210;253;VH-SIGNALERINGSBAND-SO;0.25;210;212;210;210;253;V-VH-SIGNALERINGSBAND-SO;0.25;210;212;210;210;253;VH-SIGNALERINGSBAND-SO;;;5.0;lijntype gewijzigd, ;GEWIJZIGD;2435;2433
KANTOPSLUITING_SIGNALERINGSBAND_OOG;*;-;**;-;VH;-;KANTOPSLUITING;_;SIGNALERINGSBAND;_;OOG;;;;;;;;;-;G;;;;;*-**-VH-KANTOPSLUITING_SIGNALERINGSBAND_OOG-G;0.18;210;212;210;210;253;VH-SIGNALERINGSBAND-SO;0.35;210;212;210;210;253;VH-SIGNALERINGSBAND-SO;0.25;210;212;210;210;253;V-VH-SIGNALERINGSBAND-SO;0.25;210;212;210;210;253;VH-SIGNALERINGSBAND-SO;;;5.0;lijntype gewijzigd, ;GEWIJZIGD;2436;2433
KANTOPSLUITING_STOOTBAND;*;-;**;-;VH;-;KANTOPSLUITING;_;STOOTBAND;;;;;;;;;;;-;G/S;;;;SVH:SVH-KANTOPSLUITING_STOOTBAND;*-**-VH-KANTOPSLUITING_STOOTBAND-G/S;0.18;7;7;7;7;253;CONTINUOUS;0.35;7;7;7;7;253;CONTINUOUS;0.25;7;7;7;7;253;V-CONTINUOUS-SO;0.25;7;7;7;7;253;CONTINUOUS;;;4.2;4.2: doorsnedesymbool naam aangepast;GEWIJZIGD;2437;2360
KANTOPSLUITING_TALUDBAND;*;-;**;-;VH;-;KANTOPSLUITING;_;TALUDBAND;;;;;;;;;;;-;G/S;;;;SVH:SVH-KANTOPSLUITING_TALUDBAND;*-**-VH-KANTOPSLUITING_TALUDBAND-G/S;0.18;60;62;60;60;253;VH-TALUDBAND-SO;0.35;60;62;60;60;253;VH-TALUDBAND-SO;0.25;60;62;60;60;253;V-VH-TALUDBAND-SO;0.25;60;62;60;60;253;VH-TALUDBAND-SO;;;4.2;4.2: doorsnedesymbool naam aangepast;GEWIJZIGD;2438;2360
KANTOPSLUITING_TROTTOIRBAND;*;-;**;-;VH;-;KANTOPSLUITING;_;TROTTOIRBAND;;;;;;;;;;;-;G/S;;;;SVH:SVH-KANTOPSLUITING_TROTTOIRBAND;*-**-VH-KANTOPSLUITING_TROTTOIRBAND-G/S;0.18;210;212;210;210;253;VH-TROTTOIRBAND-SO;0.35;210;212;210;210;253;VH-TROTTOIRBAND-SO;0.25;210;212;210;210;253;V-VH-TROTTOIRBAND-SO;0.25;210;212;210;210;253;VH-TROTTOIRBAND-SO;;;4.2;4.2: doorsnedesymbool naam aangepast;GEWIJZIGD;2439;2360
KANTOPSLUITING_TROTTOIRBAND-OPNIEUW STELLEN;*;-;**;-;VH;-;KANTOPSLUITING;_;TROTTOIRBAND;;;;;;;;;-;OPNIEUW STELLEN;-;G;;;;;*-**-VH-KANTOPSLUITING_TROTTOIRBAND-OPNIEUW STELLEN-G;;;;;;;;0.35;210;212;210;210;253;VH-TROTTOIRBAND_STELLEN-SO;;;;;;;;;;;;;;;;;5.0;;NIEUW;4030;2439
KANTOPSLUITING_TROTTOIRBAND_130X150;*;-;**;-;VH;-;KANTOPSLUITING;_;TROTTOIRBAND;_;130X150;;;;;;;;;-;G;;;;;*-**-VH-KANTOPSLUITING_TROTTOIRBAND_130X150-G;0.18;210;212;210;210;253;VH-TROTTOIRBAND-SO;0.35;210;212;210;210;253;VH-TROTTOIRBAND-SO;0.25;210;212;210;210;253;V-VH-TROTTOIRBAND-SO;0.25;210;212;210;210;253;VH-TROTTOIRBAND-SO;;;5.0;Naam gecorrigeerd, gelijntype gewijzigd, ;GEWIJZIGD;2440;2439
KANTOPSLUITING_TROTTOIRBAND_130X150-OP DE KOP;*;-;**;-;VH;-;KANTOPSLUITING;_;TROTTOIRBAND;_;130X150;;;;;;;-;OP DE KOP;-;G;;;;;*-**-VH-KANTOPSLUITING_TROTTOIRBAND_130X150-OP DE KOP-G;0.18;210;212;210;210;253;VH-TROTTOIRBAND_OPKOP-SO;;;;;;;;0.25;210;212;210;210;253;V-VH-TROTTOIRBAND_OPKOP-SO;0.35;210;212;210;210;253;VH-TROTTOIRBAND_OPKOP-SO;;;5.0;Naam gecorrigeerd,;GEWIJZIGD;2441;2440
KANTOPSLUITING_TROTTOIRBAND_130X150-OPNIEUW STELLEN;*;-;**;-;VH;-;KANTOPSLUITING;_;TROTTOIRBAND;_;130X150;;;;;;;-;OPNIEUW STELLEN;-;G;;;;;*-**-VH-KANTOPSLUITING_TROTTOIRBAND_130X150-OPNIEUW STELLEN-G;;;;;;;;0.35;210;212;210;210;253;VH-TROTTOIRBAND_STELLEN-SO;;;;;;;;;;;;;;;;;5.0;Naam gecorrigeerd, lijntype gewijzigd, ;GEWIJZIGD;2442;2440
KANTOPSLUITING_TROTTOIRBAND_180X200;*;-;**;-;VH;-;KANTOPSLUITING;_;TROTTOIRBAND;_;180X200;;;;;;;;;-;G;;;;;*-**-VH-KANTOPSLUITING_TROTTOIRBAND_180X200-G;0.18;210;212;210;210;253;VH-TROTTOIRBAND-SO;0.35;210;212;210;210;253;VH-TROTTOIRBAND-SO;0.25;210;212;210;210;253;V-VH-TROTTOIRBAND-SO;0.25;210;212;210;210;253;VH-TROTTOIRBAND-SO;;;5.0;Naam gecorrigeerd, lijntype gewijzigd, ;GEWIJZIGD;2443;2439
KANTOPSLUITING_TROTTOIRBAND_180X200-OP DE KOP;*;-;**;-;VH;-;KANTOPSLUITING;_;TROTTOIRBAND;_;180X200;;;;;;;-;OP DE KOP;-;G;;;;;*-**-VH-KANTOPSLUITING_TROTTOIRBAND_180X200-OP DE KOP-G;0.18;210;212;210;210;253;VH-TROTTOIRBAND_OPKOP-SO;;;;;;;;0.25;210;212;210;210;253;V-VH-TROTTOIRBAND_OPKOP-SO;0.35;210;212;210;210;253;VH-TROTTOIRBAND_OPKOP-SO;;;5.0;Naam gecorrigeerd, lijntype gewijzigd,;GEWIJZIGD;2445;2443
KANTOPSLUITING_TROTTOIRBAND_180X200-OPNIEUW STELLEN;*;-;**;-;VH;-;KANTOPSLUITING;_;TROTTOIRBAND;_;180X200;;;;;;;-;OPNIEUW STELLEN;-;G;;;;;*-**-VH-KANTOPSLUITING_TROTTOIRBAND_180X200-OPNIEUW STELLEN-G;;;;;;;;0.35;210;212;210;210;253;VH-TROTTOIRBAND_STELLEN-SO;;;;;;;;;;;;;;;;;5.0;Naam gecorrigeerd, lijntype gewijzigd, ;GEWIJZIGD;2446;2443
KANTOPSLUITING_TROTTOIRBAND_180X200_ZOAB;*;-;**;-;VH;-;KANTOPSLUITING;_;TROTTOIRBAND;_;180X200;_;ZOAB;;;;;;;-;G;;;;;*-**-VH-KANTOPSLUITING_TROTTOIRBAND_180X200_ZOAB-G;0.18;210;212;210;210;253;VH-TROTTOIRBAND-SO;0.35;210;212;210;210;253;VH-TROTTOIRBAND-SO;0.25;210;212;210;210;253;V-VH-TROTTOIRBAND-SO;0.25;210;212;210;210;253;VH-TROTTOIRBAND-SO;;;5.0;Naam gecorrigeerd, lijntype gewijzigd, ;GEWIJZIGD;2444;2443
KANTOPSLUITING_TROTTOIRBAND_280X300;*;-;**;-;VH;-;KANTOPSLUITING;_;TROTTOIRBAND;_;280X300;;;;;;;;;-;G;;;;;*-**-VH-KANTOPSLUITING_TROTTOIRBAND_280X300-G;0.18;210;212;210;210;253;VH-TROTTOIRBAND-SO;0.35;210;212;210;210;253;VH-TROTTOIRBAND-SO;0.25;210;212;210;210;253;V-VH-TROTTOIRBAND-SO;0.25;210;212;210;210;253;VH-TROTTOIRBAND-SO;;;5.0;Naam gecorrigeerd, lijntype gewijzigd, ;GEWIJZIGD;2447;2439
KANTOPSLUITING_TROTTOIRBAND_280X300-OP DE KOP;*;-;**;-;VH;-;KANTOPSLUITING;_;TROTTOIRBAND;_;280X300;;;;;;;-;OP DE KOP;-;G;;;;;*-**-VH-KANTOPSLUITING_TROTTOIRBAND_280X300-OP DE KOP-G;0.18;210;212;210;210;253;VH-TROTTOIRBAND_OPKOP-SO;;;;;;;;0.25;210;212;210;210;253;V-VH-TROTTOIRBAND_OPKOP-SO;0.35;210;212;210;210;253;VH-TROTTOIRBAND_OPKOP-SO;;;5.0;Naam gecorrigeerd, lijntype gewijzigd, status B en V toegevoegd ;GEWIJZIGD;2448;2447
KANTOPSLUITING_TROTTOIRBAND_280X300-OPNIEUW STELLEN;*;-;**;-;VH;-;KANTOPSLUITING;_;TROTTOIRBAND;_;280X300;;;;;;;-;OPNIEUW STELLEN;-;G;;;;;*-**-VH-KANTOPSLUITING_TROTTOIRBAND_280X300-OPNIEUW STELLEN-G;;;;;;;;0.35;210;212;210;210;253;VH-TROTTOIRBAND_STELLEN-SO;;;;;;;;;;;;;;;;;5.0;Naam gecorrigeerd, lijntype gewijzigd, ;GEWIJZIGD;2449;2447
KANTOPSLUITING_TROTTOIRBAND_RWS;*;-;**;-;VH;-;KANTOPSLUITING;_;TROTTOIRBAND;_;RWS;;;;;;;;;-;G/S;;;;SVH:SVH-KANTOPSLUITING_RWS;*-**-VH-KANTOPSLUITING_TROTTOIRBAND_RWS-G/S;0.18;210;212;210;210;253;VH-RWSBAND-SO;0.35;210;212;210;210;253;VH-RWSBAND-SO;0.25;210;212;210;210;253;V-VH-RWSBAND-SO;0.25;210;212;210;210;253;VH-RWSBAND-SO;;;2.3;;;2450;2439
KANTOPSLUITING_TROTTOIRBAND_RWS-OPNIEUW STELLEN;*;-;**;-;VH;-;KANTOPSLUITING;_;TROTTOIRBAND;_;RWS;;;;;;;-;OPNIEUW STELLEN;-;G;;;;;*-**-VH-KANTOPSLUITING_TROTTOIRBAND_RWS-OPNIEUW STELLEN-G;;;;;;;;0.35;210;212;210;210;253;VH-RWSBAND_STELLEN-SO;;;;;;;;;;;;;;;;;2.3;;;2454;2450
KANTOPSLUITING_TROTTOIRBAND_RWS_110 220;*;-;**;-;VH;-;KANTOPSLUITING;_;TROTTOIRBAND;_;RWS;_;110 220;;;;;;;-;G;;;;;*-**-VH-KANTOPSLUITING_TROTTOIRBAND_RWS_110 220-G;0.18;210;212;210;210;253;VH-RWSBAND-SO;0.35;210;212;210;210;253;VH-RWSBAND-SO;0.25;210;212;210;210;253;V-VH-RWSBAND-SO;0.25;210;212;210;210;253;VH-RWSBAND-SO;;;5.0;lijntype gewijzigd, ;GEWIJZIGD;2451;2450
KANTOPSLUITING_TROTTOIRBAND_RWS_ZOAB;*;-;**;-;VH;-;KANTOPSLUITING;_;TROTTOIRBAND;_;RWS;_;ZOAB;;;;;;;-;G;;;;;*-**-VH-KANTOPSLUITING_TROTTOIRBAND_RWS_ZOAB-G;0.18;210;212;210;210;253;VH-RWSBAND-SO;0.35;210;212;210;210;253;VH-RWSBAND-SO;0.25;210;212;210;210;253;V-VH-RWSBAND-SO;0.25;210;212;210;210;253;VH-RWSBAND-SO;;;5.0;lijntype gewijzigd, ;GEWIJZIGD;2452;2450
KANTOPSLUITING_TROTTOIRBAND_RWS_ZOAB-OPNIEUW STELLEN;*;-;**;-;VH;-;KANTOPSLUITING;_;TROTTOIRBAND;_;RWS;_;ZOAB;;;;;-;OPNIEUW STELLEN;-;G;;;;;*-**-VH-KANTOPSLUITING_TROTTOIRBAND_RWS_ZOAB-OPNIEUW STELLEN-G;;;;;;;;0.35;210;212;210;210;253;VH-RWSBAND_STELLEN-SO;;;;;;;;;;;;;;;;;5.0;lijntype gewijzigd, ;GEWIJZIGD;2453;2452
KANTOPSLUITING_VOORKANTBAND;*;-;**;-;VH;-;KANTOPSLUITING;_;VOORKANTBAND;;;;;;;;;;;-;G;;;;;*-**-VH-KANTOPSLUITING_VOORKANTBAND-G;0.18;50;52;50;50;50;CONTINUOUS;0.35;50;52;50;50;50;CONTINUOUS;0.25;50;52;50;50;50;V-CONTINUOUS-SO;0.25;50;52;50;50;50;CONTINUOUS;;;3.2;KLEUR AANGEPAS VOOR BETERE ZICHTBAARHEID;GEWIJZIGD;2455;2360
KANTVERHARDING;*;-;**;-;VH;-;KANTVERHARDING;;;;;;;;;;;;;-;G;;;;;*-**-VH-KANTVERHARDING-G;0.18;60;62;60;60;253;CONTINUOUS;0.35;210;210;210;210;253;CONTINUOUS;0.25;60;62;60;60;253;ZZ-HIDDEN-SO;0.25;60;62;60;60;253;CONTINUOUS;;;3.2;;GEWIJZIGD;2456;0
KANTVERHARDING_ROLLAAG;*;-;**;-;VH;-;KANTVERHARDING;_;ROLLAAG;;;;;;;;;;;-;G;;;;;*-**-VH-KANTVERHARDING_ROLLAAG-G;0.18;60;62;60;60;253;CONTINUOUS;0.18;60;62;60;60;253;CONTINUOUS;0.18;60;62;60;60;253;ZZ-HIDDEN-SO;0.18;60;62;60;60;253;CONTINUOUS;;;3.2;;GEWIJZIGD;2460;2456
KANTVERHARDING_STREKLAAG;*;-;**;-;VH;-;KANTVERHARDING;_;STREKLAAG;;;;;;;;;;;-;G;;;;;*-**-VH-KANTVERHARDING_STREKLAAG-G;0.18;60;62;60;60;253;CONTINUOUS;0.18;60;62;60;60;253;CONTINUOUS;0.18;60;62;60;60;253;ZZ-HIDDEN-SO;0.18;60;62;60;60;253;CONTINUOUS;;;3.2;;GEWIJZIGD;2461;2456
KANTVERHARDING_TEGEL;*;-;**;-;VH;-;KANTVERHARDING;_;TEGEL;;;;;;;;;;;-;G;;;;;*-**-VH-KANTVERHARDING_TEGEL-G;0.18;60;62;60;60;253;CONTINUOUS;0.18;60;62;60;60;253;CONTINUOUS;0.18;60;62;60;60;253;ZZ-HIDDEN-SO;0.18;60;62;60;60;253;CONTINUOUS;;;3.2;;GEWIJZIGD;2457;2456
KANTVERHARDING_TEGEL_HALF;*;-;**;-;VH;-;KANTVERHARDING;_;TEGEL;_;HALF;;;;;;;;;-;G;;;;;*-**-VH-KANTVERHARDING_TEGEL_HALF-G;0.18;60;62;60;60;253;CONTINUOUS;0.35;60;62;60;60;253;CONTINUOUS;0.25;60;62;60;60;253;ZZ-HIDDEN-SO;0.25;60;62;60;60;253;CONTINUOUS;;;2.5;;;2459;2457
KANTVERHARDING_TEGEL_PAS;*;-;**;-;VH;-;KANTVERHARDING;_;TEGEL;_;PAS;;;;;;;;;-;G;;;;;*-**-VH-KANTVERHARDING_TEGEL_PAS-G;0.18;60;62;60;60;253;CONTINUOUS;0.35;60;62;60;60;253;CONTINUOUS;0.25;60;62;60;60;253;ZZ-HIDDEN-SO;0.25;60;62;60;60;253;CONTINUOUS;;;2.5;;;2458;2457
KNIPLIJN;*;-;**;-;VH;-;KNIPLIJN;;;;;;;;;;;;;-;G;;;;;*-**-VH-KNIPLIJN-G;0.18;251;251;251;251;253;CONTINUOUS;0.35;251;251;251;251;253;CONTINUOUS;0.25;251;251;251;251;253;ZZ-HIDDEN-SO;0.25;251;251;251;251;253;CONTINUOUS;;;5.0;Object geworden;GEWIJZIGD;3343;0
LEVENSDUURVERLENGENDE MAATREGEL;*;-;**;-;VH;-;LEVENSDUURVERLENGENDE MAATREGEL;;;;;;;;;;;;;-;G;;;;;*-**-VH-LEVENSDUURVERLENGENDE MAATREGEL-G;0.18;170;172;170;170;253;CONTINUOUS;0.35;170;172;170;170;253;CONTINUOUS;0.35;170;172;170;170;253;V-CONTINUOUS-SO;0.35;170;172;170;170;253;CONTINUOUS;;;3.0;;NIEUW;2536;0
MATERIAALGRENS;*;-;**;-;VH;-;MATERIAALGRENS;;;;;;;;;;;;;-;G;;;;;*-**-VH-MATERIAALGRENS-G;0.18;7;7;7;7;253;ZZ-HIDDEN-SO;0.35;7;7;7;7;253;ZZ-HIDDEN-SO;0.25;7;7;7;7;253;V-CONTINUOUS-SO;0.25;7;7;7;7;253;CONTINUOUS;;;2.3;;;2462;0
ONVERHARD;*;-;**;-;VH;-;ONVERHARD;;;;;;;;;;;;;-;G;;;;;*-**-VH-ONVERHARD-G;0.18;210;212;210;210;243,245,246;CONTINUOUS;0.35;210;212;210;210;254;CONTINUOUS;0.35;210;212;210;210;254;V-CONTINUOUS-SO;0.35;210;212;210;210;254;CONTINUOUS;;;5.0;KLEUREN AANGEPAST,KLEUR B color V AANGEPAST IVM MAPPING BGT;GEWIJZIGD;2936;0
ONVERHARD_BOOMSCHORS;*;-;**;-;VH;-;ONVERHARD;_;BOOMSCHORS;;;;;;;;;;;-;G;;;;;*-**-VH-ONVERHARD_BOOMSCHORS-G;0.18;210;210;210;210;243,245,246;CONTINUOUS;0.35;210;210;210;210;254;CONTINUOUS;0.25;210;210;210;210;254;V-CONTINUOUS-SO;0.25;210;210;210;210;254;CONTINUOUS;;;5.0;;NIEUW;3509;2936
ONVERHARD_HOUTSNIPPERS;*;-;**;-;VH;-;ONVERHARD;_;HOUTSNIPPERS;;;;;;;;;;;-;G/S/A;;;AVH:AVH-HOUTSNIPPERS;SVH:SVH-HOUTSNIPPERS;*-**-VH-ONVERHARD_HOUTSNIPPERS-G/S/A;0.18;210;212;210;210;254;CONTINUOUS;0.35;210;212;210;210;254;CONTINUOUS;0.25;210;212;210;210;254;ZZ-HIDDEN-SO;0.25;210;212;210;210;254;CONTINUOUS;;;5.0;Decompositie is gewijzigd, KLEUREN AANGEPAST;GEWIJZIGD;2514;2936
ONVERHARD_KLEI;*;-;**;-;VH;-;ONVERHARD;_;KLEI;;;;;;;;;;;-;G;;;;;*-**-VH-ONVERHARD_KLEI-G;0.18;210;212;210;210;254;CONTINUOUS;0.35;210;212;210;210;254;CONTINUOUS;0.35;210;212;210;210;254;V-CONTINUOUS-SO;0.35;210;212;210;210;254;CONTINUOUS;;;5.0;Decompositie is gewijzigd, KLEUREN AANGEPAST;GEWIJZIGD;2938;2936
ONVERHARD_ZAND;*;-;**;-;VH;-;ONVERHARD;_;ZAND;;;;;;;;;;;-;G;;;;;*-**-VH-ONVERHARD_ZAND-G;0.18;210;210;210;210;255,255,153;CONTINUOUS;0.35;210;210;210;210;254;CONTINUOUS;0.35;210;210;210;210;254;V-CONTINUOUS-SO;0.35;210;210;210;210;254;CONTINUOUS;;;5.0;;NIEUW;3510;2936
OPENVERHARDING;*;-;**;-;VH;-;OPENVERHARDING;;;;;;;;;;;;;-;G;;;;;*-**-VH-OPENVERHARDING-G;0.18;90;92;90;90;173,173,173;CONTINUOUS;0.35;90;92;90;90;254;CONTINUOUS;0.25;90;92;90;90;254;ZZ-HIDDEN-SO;0.25;90;92;90;90;254;CONTINUOUS;;;5.0;Object geworden,  naam gewijzigd, KLEUREN AANGEPAST, KLEUR B color V AANGEPAST IVM MAPPING BGT;GEWIJZIGD;2519;0
OPENVERHARDING_BASALT;*;-;**;-;VH;-;OPENVERHARDING;_;BASALT;;;;;;;;;;;-;G/S/A;;;AVH:AVH-BASALT;SVH:SVH-BASALTVERHARDING;*-**-VH-OPENVERHARDING_BASALT-G/S/A;0.18;90;92;90;90;254;CONTINUOUS;0.35;90;92;90;90;254;CONTINUOUS;0.25;90;92;90;90;254;V-CONTINUOUS-SO;0.25;90;92;90;90;254;CONTINUOUS;;;5.0;Decompositie is gewijzigd, KLEUREN AANGEPAST;GEWIJZIGD;2473;2519
OPENVERHARDING_BASALTON;*;-;**;-;VH;-;OPENVERHARDING;_;BASALTON;;;;;;;;;;;-;G/S/A;;;AVH:AVH-BASALTON;SVH:SVH-BASALTONVERHARDING;*-**-VH-OPENVERHARDING_BASALTON-G/S/A;0.18;90;92;90;90;254;CONTINUOUS;0.35;90;92;90;90;254;CONTINUOUS;0.25;90;92;90;90;254;V-CONTINUOUS-SO;0.25;90;92;90;90;254;CONTINUOUS;;;5.0;Decompositie is gewijzigd, KLEUREN AANGEPAST;GEWIJZIGD;2472;2519
OPENVERHARDING_BETONELEMENT;*;-;**;-;VH;-;OPENVERHARDING;_;BETONELEMENT;;;;;;;;;;;-;G;;;;;*-**-VH-OPENVERHARDING_BETONELEMENT-G;0.18;90;92;90;90;173,173,173;CONTINUOUS;0.35;90;92;90;90;254;CONTINUOUS;0.25;90;92;90;90;254;V-CONTINUOUS-SO;0.25;90;92;90;90;254;CONTINUOUS;;;5.0;;NIEUW;4031;2519
OPENVERHARDING_BETONSTRAATSTEEN;*;-;**;-;VH;-;OPENVERHARDING;_;BETONSTRAATSTEEN;;;;;;;;;;;-;G/S/A;;;AVH:AVH-BSS;SVH:SVH-BSS;*-**-VH-OPENVERHARDING_BETONSTRAATSTEEN-G/S/A;0.18;90;92;90;90;173,173,173;CONTINUOUS;0.35;90;92;90;90;254;CONTINUOUS;0.25;90;92;90;90;254;ZZ-HIDDEN-SO;0.25;90;92;90;90;254;CONTINUOUS;;;5.0;Decompositie is gewijzigd, KLEUREN AANGEPAST, KLEUR B color V AANGEPAST IVM MAPPING BGT;GEWIJZIGD;2488;2519
OPENVERHARDING_COBBLESTONE;*;-;**;-;VH;-;OPENVERHARDING;_;COBBLESTONE;;;;;;;;;;;-;G/S/A;;;AVH:AVH-COBBLESTONE;SVH:SVH-COBBLESTONE;*-**-VH-OPENVERHARDING_COBBLESTONE-G/S/A;0.18;90;92;90;90;254;CONTINUOUS;0.35;90;92;90;90;254;CONTINUOUS;0.25;90;92;90;90;254;ZZ-HIDDEN-SO;0.25;90;92;90;90;254;CONTINUOUS;;;5.0;Decompositie is gewijzigd, KLEUREN AANGEPAST;GEWIJZIGD;2490;2519
OPENVERHARDING_DELTA;*;-;**;-;VH;-;OPENVERHARDING;_;DELTA;;;;;;;;;;;-;G/S/A;;;AVH:AVH-DELTA;SVH:SVH-DELTA;*-**-VH-OPENVERHARDING_DELTA-G/S/A;0.18;90;92;90;90;254;CONTINUOUS;0.35;90;92;90;90;254;CONTINUOUS;0.25;90;92;90;90;254;ZZ-HIDDEN-SO;0.25;90;92;90;90;254;CONTINUOUS;;;5.0;Decompositie is gewijzigd, KLEUREN AANGEPAST;GEWIJZIGD;2491;2519
OPENVERHARDING_HSTEEN;*;-;**;-;VH;-;OPENVERHARDING;_;HSTEEN;;;;;;;;;;;-;G/S/A;;;AVH:AVH-HSTEEN;SVH:SVH-HSTEEN;*-**-VH-OPENVERHARDING_HSTEEN-G/S/A;0.18;90;92;90;90;254;CONTINUOUS;0.35;90;92;90;90;254;CONTINUOUS;0.25;90;92;90;90;254;ZZ-HIDDEN-SO;0.25;90;92;90;90;254;CONTINUOUS;;;5.0;Decompositie is gewijzigd, KLEUREN AANGEPAST;GEWIJZIGD;2515;2519
OPENVERHARDING_KALKZANDSTEEN;*;-;**;-;VH;-;OPENVERHARDING;_;KALKZANDSTEEN;;;;;;;;;;;-;G/S/A;;;AVH:AVH-KALKZANDSTEEN;SVH:SVH-KALKZANDSTEEN;*-**-VH-OPENVERHARDING_KALKZANDSTEEN-G/S/A;0.18;90;92;90;90;254;CONTINUOUS;0.35;90;92;90;90;254;CONTINUOUS;0.25;90;92;90;90;254;ZZ-HIDDEN-SO;0.25;90;92;90;90;254;CONTINUOUS;;;5.0;Decompositie is gewijzigd, KLEUREN AANGEPAST;GEWIJZIGD;2516;2519
OPENVERHARDING_NATUURSTEEN;*;-;**;-;VH;-;OPENVERHARDING;_;NATUURSTEEN;;;;;;;;;;;-;G/S/A;;;AVH:AVH-NATUURSTEEN;SVH:SVH-NATUURSTEEN;*-**-VH-OPENVERHARDING_NATUURSTEEN-G/S/A;0.18;90;92;90;90;254;CONTINUOUS;0.35;90;92;90;90;254;CONTINUOUS;0.25;90;92;90;90;254;ZZ-HIDDEN-SO;0.25;90;92;90;90;254;CONTINUOUS;;;5.0;Decompositie is gewijzigd, KLEUREN AANGEPAST;GEWIJZIGD;2518;2519
OPENVERHARDING_PLANKEN;*;-;**;-;VH;-;OPENVERHARDING;_;PLANKEN;;;;;;;;;;;-;G/S/A;;;AVH:AVH-PLANKEN;SVH:SVH-PLANKEN;*-**-VH-OPENVERHARDING_PLANKEN-G/S/A;0.18;90;92;90;90;254;CONTINUOUS;0.35;90;92;90;90;254;CONTINUOUS;0.25;90;92;90;90;254;ZZ-HIDDEN-SO;0.25;90;92;90;90;254;CONTINUOUS;;;5.0;Decompositie is gewijzigd, KLEUREN AANGEPAST;GEWIJZIGD;2521;2519
OPENVERHARDING_SIERBESTRATING;*;-;**;-;VH;-;OPENVERHARDING;_;SIERBESTRATING;;;;;;;;;;;-;G/S/A;;;AVH:AVH-SIERBESTRATING;SVH:SVH-SIERBESTRATING;*-**-VH-OPENVERHARDING_SIERBESTRATING-G/S/A;0.18;90;92;90;90;173,173,173;CONTINUOUS;0.35;90;92;90;90;254;CONTINUOUS;0.25;90;92;90;90;254;ZZ-HIDDEN-SO;0.25;90;92;90;90;254;CONTINUOUS;;;5.0;Decompositie is gewijzigd, KLEUREN AANGEPAST, KLEUR B color V AANGEPAST IVM MAPPING BGT;GEWIJZIGD;2524;2519
OPENVERHARDING_STRAATBAKSTEEN;*;-;**;-;VH;-;OPENVERHARDING;_;STRAATBAKSTEEN;;;;;;;;;;;-;G/S/A;;;AVH:AVH-SBS;SVH:SVH-SBS;*-**-VH-OPENVERHARDING_STRAATBAKSTEEN-G/S/A;0.18;90;92;90;90;173,173,173;CONTINUOUS;0.35;90;92;90;90;254;CONTINUOUS;0.25;90;92;90;90;254;ZZ-HIDDEN-SO;0.25;90;92;90;90;254;CONTINUOUS;;;5.0;Decompositie is gewijzigd, KLEUREN AANGEPAST, KLEUR B color V AANGEPAST IVM MAPPING BGT;GEWIJZIGD;2529;2519
OPENVERHARDING_STRAATBAKSTEEN-OP DE KOP;*;-;**;-;VH;-;OPENVERHARDING;_;STRAATBAKSTEEN;;;;;;;;;-;OP DE KOP;-;G;;;;;*-**-VH-OPENVERHARDING_STRAATBAKSTEEN-OP DE KOP-G;;;;;;;;;;;;;;;0.25;10;10;10;10;254;V-CONTINUOUS-SO;0.25;10;10;10;10;254;CONTINUOUS;;;5.0;Decompositie is gewijzigd, KLEUREN AANGEPAST, status V toegevoegd;GEWIJZIGD;2530;2529
OPENVERHARDING_TEGEL;*;-;**;-;VH;-;OPENVERHARDING;_;TEGEL;;;;;;;;;;;-;G/S/A;;;AVH:AVH-TEGEL;SVH:SVH-TEGEL;*-**-VH-OPENVERHARDING_TEGEL-G/S/A;0.18;90;92;90;90;173,173,173;CONTINUOUS;0.35;90;92;90;90;254;CONTINUOUS;0.25;90;92;90;90;254;ZZ-HIDDEN-SO;0.25;90;92;90;90;254;CONTINUOUS;;;5.0;Decompositie is gewijzigd, KLEUREN AANGEPAST, KLEUR B color V AANGEPAST IVM MAPPING BGT;GEWIJZIGD;2531;2519
OPENVERHARDING_TEGEL_GRAS;*;-;**;-;VH;-;OPENVERHARDING;_;TEGEL;_;GRAS;;;;;;;;;-;G/S/A;;;AVH:AVH-GRASTEGEL;SVH:SVH-GRASTEGEL;*-**-VH-OPENVERHARDING_TEGEL_GRAS-G/S/A;0.18;70;72;70;70;254;CONTINUOUS;0.35;70;72;70;70;254;CONTINUOUS;0.25;70;72;70;70;254;ZZ-HIDDEN-SO;0.25;70;72;70;70;254;CONTINUOUS;;;5.0;Decompositie is gewijzigd, KLEUREN AANGEPAST;GEWIJZIGD;2534;2531
OPENVERHARDING_TEGEL_RUBBER;*;-;**;-;VH;-;OPENVERHARDING;_;TEGEL;_;RUBBER;;;;;;;;;-;G/S;;;;SVH:SVH-RUBBERTEGEL;*-**-VH-OPENVERHARDING_TEGEL_RUBBER-G/S;0.18;90;92;90;90;254;CONTINUOUS;0.35;90;92;90;90;254;CONTINUOUS;0.25;90;92;90;90;254;ZZ-HIDDEN-SO;0.25;90;92;90;90;254;CONTINUOUS;;;5.0;Decompositie is gewijzigd, KLEUREN AANGEPAST;GEWIJZIGD;2532;2531
OPENVERHARDING_TEGEL_SIER;*;-;**;-;VH;-;OPENVERHARDING;_;TEGEL;_;SIER;;;;;;;;;-;G/S/A;;;AVH:AVH-SIERTEGEL;SVH:SVH-SIERTEGEL;*-**-VH-OPENVERHARDING_TEGEL_SIER-G/S/A;0.18;90;92;90;90;254;CONTINUOUS;0.35;90;92;90;90;254;CONTINUOUS;0.25;90;92;90;90;254;ZZ-HIDDEN-SO;0.25;90;92;90;90;254;CONTINUOUS;;;5.0;Decompositie is gewijzigd, KLEUREN AANGEPAST;GEWIJZIGD;2533;2531
OPENVERHARDING_TEGEL_ZINLOOS GEWELD TEGEL;*;-;**;-;VH;-;OPENVERHARDING;_;TEGEL;_;ZINLOOS GEWELD TEGEL;;;;;;;;;-;G;;;;;*-**-VH-OPENVERHARDING_TEGEL_ZINLOOS GEWELD TEGEL-G;0.18;7;252;7;7;254;CONTINUOUS;0.35;7;252;7;7;254;CONTINUOUS;0.25;7;252;7;7;254;ZZ-HIDDEN-SO;0.25;7;252;7;7;254;CONTINUOUS;;;5.0;VERPLAATST NAAR VH;GEWIJZIGD;3107;2531
REPARATIES;*;-;**;-;VH;-;REPARATIES;;;;;;;;;;;;;-;G;;;;;*-**-VH-REPARATIES-G;0.18;170;172;170;170;253;CONTINUOUS;0.35;170;172;170;170;253;CONTINUOUS;0.35;170;172;170;170;253;V-CONTINUOUS-SO;0.35;170;172;170;170;253;CONTINUOUS;;;3.0;;NIEUW;2535;0
ROOSTER;*;-;**;-;VH;-;ROOSTER;;;;;;;;;;;;;-;G/S/A;;;AVH:AVH-ROOSTER;SVH:SVH-ROOSTER;*-**-VH-ROOSTER-G/S/A;0.18;150;152;150;150;254;CONTINUOUS;0.35;150;152;150;150;254;CONTINUOUS;0.25;150;152;150;150;254;ZZ-HIDDEN-SO;0.25;150;152;150;150;254;CONTINUOUS;;;5.0;Object geworden, KLEUREN AANGEPAST;GEWIJZIGD;2523;0
SPECIAAL;*;-;**;-;VH;-;SPECIAAL;;;;;;;;;;;;;-;G/S/A;;;AVH:AVH-SPECIAAL;SVH:SVH-SPECIAAL;*-**-VH-SPECIAAL-G/S/A;0.18;150;152;150;150;254;CONTINUOUS;0.35;150;152;150;150;254;CONTINUOUS;0.25;150;152;150;150;254;ZZ-HIDDEN-SO;0.25;150;152;150;150;254;CONTINUOUS;;;5.0;Object geworden, KLEUREN AANGEPAST;GEWIJZIGD;2525;0
SPECIAAL_SPORT;*;-;**;-;VH;-;SPECIAAL;_;SPORT;;;;;;;;;;;-;G/S;;;;SVH:SVH-SPORT;*-**-VH-SPECIAAL_SPORT-G/S;0.18;90;92;90;90;254;CONTINUOUS;0.35;90;92;90;90;254;CONTINUOUS;0.25;90;92;90;90;254;V-CONTINUOUS-SO;0.25;90;92;90;90;254;CONTINUOUS;;;5.0;Decompositie is gewijzigd,;GEWIJZIGD;2526;2525
SPECIAAL_SPORT_ATLETIEKBAAN;*;-;**;-;VH;-;SPECIAAL;_;SPORT;_;ATLETIEKBAAN;;;;;;;;;-;G;;;;;*-**-VH-SPECIAAL_SPORT_ATLETIEKBAAN-G;0.18;90;92;90;90;254;CONTINUOUS;0.35;90;92;90;90;254;CONTINUOUS;0.25;90;92;90;90;254;V-CONTINUOUS-SO;0.25;90;92;90;90;254;CONTINUOUS;;;5.0;Decompositie is gewijzigd,;GEWIJZIGD;2527;2526
SPECIAAL_SPORT_UNIVERSEELSPORTVELD;*;-;**;-;VH;-;SPECIAAL;_;SPORT;_;UNIVERSEELSPORTVELD;;;;;;;;;-;G;;;;;*-**-VH-SPECIAAL_SPORT_UNIVERSEELSPORTVELD-G;0.18;90;92;90;90;254;CONTINUOUS;0.35;90;92;90;90;254;CONTINUOUS;0.25;90;92;90;90;254;V-CONTINUOUS-SO;0.25;90;92;90;90;254;CONTINUOUS;;;5.0;Decompositie is gewijzigd,;GEWIJZIGD;2528;2526
STOOTBAND;*;-;**;-;VH;-;STOOTBAND;;;;;;;;;;;;;-;G/S;;;;SVH:SVH-STOOTBAND;*-**-VH-STOOTBAND-G/S;0.18;7;7;7;7;253;CONTINUOUS;0.35;7;7;7;7;253;CONTINUOUS;0.35;7;7;7;7;253;CONTINUOUS;0.35;7;7;7;7;253;CONTINUOUS;;;3.2;Symbolen bestonden, maar de lagen niet.;NIEUW;3050;0
VERHARDING;*;-;**;-;VH;-;VERHARDING;;;;;;;;;;;;;-;G;;;;;*-**-VH-VERHARDING-G;0.18;252;252;252;252;253;CONTINUOUS;0.35;252;252;252;252;253;CONTINUOUS;0.25;252;252;252;252;253;ZZ-HIDDEN-SO;0.25;252;252;252;252;253;CONTINUOUS;;;5.0;vervallen;VERVALLEN;2463;0
VERHARDING_GLAS;*;-;**;-;VH;-;VERHARDING;_;GLAS;;;;;;;;;;;-;G/S/A;;;AVH:AVH-GLAS;SVH:SVH-GLAS;*-**-VH-VERHARDING_GLAS-G/S/A;0.18;252;252;252;252;254;CONTINUOUS;0.35;252;252;252;252;254;CONTINUOUS;0.25;252;252;252;252;254;ZZ-HIDDEN-SO;0.25;252;252;252;252;254;CONTINUOUS;;;5.0;vervallen;VERVALLEN;2507;2463
VERHARDING_HALFOPEN;*;-;**;-;VH;-;VERHARDING;_;HALFOPEN;;;;;;;;;;;-;G;;;;;*-**-VH-VERHARDING_HALFOPEN-G;0.18;252;252;252;252;254;CONTINUOUS;0.35;252;252;252;252;254;CONTINUOUS;0.25;252;252;252;252;254;V-CONTINUOUS-SO;0.25;252;252;252;252;254;CONTINUOUS;;;5.0;vervallen;VERVALLEN;2510;2463
VERHARDING_OVERIG;*;-;**;-;VH;-;VERHARDING;_;OVERIG;;;;;;;;;;;-;G/A/S;;;AVH:AVH-OVERIG;SVH:SVH-OVERIG;*-**-VH-VERHARDING_OVERIG-G/A/S;0.18;252;252;252;252;254;CONTINUOUS;0.35;252;252;252;252;254;CONTINUOUS;0.25;252;252;252;252;254;ZZ-HIDDEN-SO;0.25;252;252;252;252;254;CONTINUOUS;;;3.1;VERVALLEN ;VERVALLEN;2520;2463
VERKANTING;*;-;**;-;VH;-;VERKANTING;;;;;;;;;;;;;-;G;;;;;*-**-VH-VERKANTING-G;0.18;7;7;7;7;253;CONTINUOUS;0.35;7;7;7;7;253;CONTINUOUS;0.35;7;7;7;7;253;V-CONTINUOUS-SO;0.35;7;7;7;7;253;CONTINUOUS;;;3.0;;NIEUW;2537;0
VERKEERSTEGEL;*;-;**;-;VH;-;VERKEERSTEGEL;;;;;;;;;;;;;-;G/S;;;;SVH:SVH-VERKEERSTEGEL;*-**-VH-VERKEERSTEGEL-G/S;0.18;7;7;7;7;253;CONTINUOUS;0.35;7;7;7;7;253;CONTINUOUS;0.35;7;7;7;7;253;CONTINUOUS;0.35;7;7;7;7;253;CONTINUOUS;;;3.2;Symbolen bestonden, maar de lagen niet.;NIEUW;3051;0
