5.1;5.2
B-SVH-KANTOPSLUITING_STOOTBAND_150X150-D;B-SVH-KANTOPSLUITING_STOOTBAND_100X250-D
B-SVH-KANTOPSLUITING_STOOTBAND_150X200-D;B-SVH-KANTOPSLUITING_STOOTBAND_150X200-D
B-SVH-KANTOPSLUITING_STOOTBAND_200X100-D;B-SVH-KANTOPSLUITING_STOOTBAND_200X200-D
B-SVH-KANTOPSLUITING_STOOTBAND_200X120-D;B-SVH-KANTOPSLUITING_STOOTBAND_250X250-D
B-SVH-KANTOPSLUITING_STOOTBAND_200X180-D;B-SVH-KANTOPSLUITING_STOOTBAND_300X300-D
B-SVH-KANTOPSLUITING_STOOTBAND_200X200-D;SVH-KANTOPSLUITING_STOOTBAND_100X250-D
B-SVH-KANTOPSLUITING_STOOTBAND_200X400-D;SVH-KANTOPSLUITING_STOOTBAND_150X200-D
B-SVH-KANTOPSLUITING_STOOTBAND_250X250-D;SVH-KANTOPSLUITING_STOOTBAND_200X200-D
B-SVH-KANTOPSLUITING_STOOTBAND_300X270-D;SVH-KANTOPSLUITING_STOOTBAND_250X250-D
SVH-KANTOPSLUITING_STOOTBAND_150X150-D;SVH-KANTOPSLUITING_STOOTBAND_300X300-D
SVH-KANTOPSLUITING_STOOTBAND_150X200-D;SVH-STOOTBAND_ROND_ROND_1000X200
SVH-KANTOPSLUITING_STOOTBAND_200X100-D;SVH-STOOTBAND_ROND_VLAK_1000X200_DUBBEL
SVH-KANTOPSLUITING_STOOTBAND_200X120-D;SVH-STOOTBAND_ROND_VLAK_750X200_DUBBEL
SVH-KANTOPSLUITING_STOOTBAND_200X180-D;SVH-STOOTBAND_ROND_VLAK_900X200_DUBBEL
SVH-KANTOPSLUITING_STOOTBAND_200X200-D;SVH-STOOTBAND_VLAK_ROND_1000X200
SVH-KANTOPSLUITING_STOOTBAND_200X400-D;SVH-STOOTBAND_VLAK_VLAK_1000X200
SVH-KANTOPSLUITING_STOOTBAND_250X250-D;V-SVH-STOOTBAND_ROND_ROND_1000X200
SVH-KANTOPSLUITING_STOOTBAND_300X270-D;V-SVH-STOOTBAND_ROND_VLAK_1000X200_DUBBEL
SVH-KANTOPSLUITING_STOOTBAND_ROND_ROND_1000X200;V-SVH-STOOTBAND_ROND_VLAK_750X200_DUBBEL
SVH-KANTOPSLUITING_STOOTBAND_ROND_VLAK_1000X200_DUBBEL;V-SVH-STOOTBAND_ROND_VLAK_900X200_DUBBEL
SVH-KANTOPSLUITING_STOOTBAND_ROND_VLAK_750X200_DUBBEL;V-SVH-STOOTBAND_VLAK_ROND_1000X200
SVH-KANTOPSLUITING_STOOTBAND_ROND_VLAK_900X200_DUBBEL;V-SVH-STOOTBAND_VLAK_VLAK_1000X200
SVH-KANTOPSLUITING_STOOTBAND_VLAK_ROND_1000X200;
SVH-KANTOPSLUITING_STOOTBAND_VLAK_VLAK_1000X200;
SVH-STOOTBAND_ROND_ROND_1000X200;
SVH-STOOTBAND_ROND_VLAK_1000X200_DUBBEL;
SVH-STOOTBAND_ROND_VLAK_750X200_DUBBEL;
SVH-STOOTBAND_ROND_VLAK_900X200_DUBBEL;
SVH-STOOTBAND_VLAK_ROND_1000X200;
SVH-STOOTBAND_VLAK_VLAK_1000X200;
V-SVH-KANTOPSLUITING_STOOTBAND_ROND_ROND_1000X200;
V-SVH-KANTOPSLUITING_STOOTBAND_ROND_VLAK_1000X200_DUBBEL;
V-SVH-KANTOPSLUITING_STOOTBAND_ROND_VLAK_750X200_DUBBEL;
V-SVH-KANTOPSLUITING_STOOTBAND_ROND_VLAK_900X200_DUBBEL;
V-SVH-KANTOPSLUITING_STOOTBAND_VLAK_ROND_1000X200;
V-SVH-KANTOPSLUITING_STOOTBAND_VLAK_VLAK_1000X200;
V-SVH-STOOTBAND_ROND_ROND_1000X200;
V-SVH-STOOTBAND_ROND_VLAK_1000X200_DUBBEL;
V-SVH-STOOTBAND_ROND_VLAK_750X200_DUBBEL;
V-SVH-STOOTBAND_ROND_VLAK_900X200_DUBBEL;
V-SVH-STOOTBAND_VLAK_ROND_1000X200;
V-SVH-STOOTBAND_VLAK_VLAK_1000X200;
