"symboolURI","searchterm","sbibliotheek","fase","id","symbool","finalCleanName","optie"
"http://digitalbuildingdata.tech/nlcs/def/8e7991ed-f1c3-4fae-b207-3d93b5fc4c9b","BOOM","SGR","B","3031","B-SGR-BOOM_1E GROOTTE","BOOM_1E GROOTTE",""
"http://digitalbuildingdata.tech/nlcs/def/3a785d46-620c-4372-9672-725fc874ce0b","BOOM","SGR","B","3032","B-SGR-BOOM_2E GROOTTE","BOOM_2E GROOTTE",""
"http://digitalbuildingdata.tech/nlcs/def/e440cbfb-8bdc-47d6-a4c7-9d03f0e8f9a1","BOOM","SGR","B","3033","B-SGR-BOOM_3E GROOTTE","BOOM_3E GROOTTE",""
"http://digitalbuildingdata.tech/nlcs/def/2d36caf8-7e35-4c93-86a3-9758e8679822","BOOM","SGR","","3035","SGR-BOOM_1E GROOTTE","BOOM_1E GROOTTE",""
"http://digitalbuildingdata.tech/nlcs/def/0fc47238-a16c-425d-a134-5887b6e7e260","BOOM","SGR","","3036","SGR-BOOM_2E GROOTTE","BOOM_2E GROOTTE",""
"http://digitalbuildingdata.tech/nlcs/def/13e7a2b4-5a5c-49da-a666-71e549f7d84f","BOOM","SGR","","3037","SGR-BOOM_3E GROOTTE","BOOM_3E GROOTTE",""
"http://digitalbuildingdata.tech/nlcs/def/610c4d53-8e93-4f3f-9fcf-844c242d7434","BODEMBEDEKKER","SGR","","3038","SGR-BODEMBEDEKKER-SO","BODEMBEDEKKER","SO"
"http://digitalbuildingdata.tech/nlcs/def/6ca73d0f-f0c1-4c0e-9f7d-9a2b741a5d96","BEPLANTING","SGR","","3039","SGR-BEPLANTING_MATERIAALGRENS","BEPLANTING_MATERIAALGRENS",""
"http://digitalbuildingdata.tech/nlcs/def/c536ba00-1564-473a-ba90-a23e6548d5f7","BLOEMBAK","SGR","","3040","SGR-BLOEMBAK-SO","BLOEMBAK","SO"
"http://digitalbuildingdata.tech/nlcs/def/125df176-50e3-4bb2-8e17-34206a7762b0","BOMENRIJ","SGR","","3041","SGR-BOMENRIJ","BOMENRIJ",""
"http://digitalbuildingdata.tech/nlcs/def/5ee2178b-1fea-4df1-adc5-5f92c0fba89c","BOOMGAARD","SGR","","3042","SGR-BOOMGAARD_HOOGSTAM-SO","BOOMGAARD_HOOGSTAM","SO"
"http://digitalbuildingdata.tech/nlcs/def/b47616df-d43d-4281-bf91-3143817ef8df","BOOMGAARD","SGR","","3043","SGR-BOOMGAARD_KLEINFRUIT-SO","BOOMGAARD_KLEINFRUIT","SO"
"http://digitalbuildingdata.tech/nlcs/def/ef71d5dc-9e36-429e-aecf-79dfec4f4680","BOOMGAARD","SGR","","3044","SGR-BOOMGAARD_LAAGSTAM-SO","BOOMGAARD_LAAGSTAM","SO"
"http://digitalbuildingdata.tech/nlcs/def/8addb635-4b11-46e6-ad1a-27d99eb2d95d","BOOMGAARD","SGR","","3045","SGR-BOOMGAARD_WIJN-SO","BOOMGAARD_WIJN","SO"
"http://digitalbuildingdata.tech/nlcs/def/08931fb0-7f9d-4d4c-8bbf-a4b2609f1db1","BOOMTEELT","SGR","","3046","SGR-BOOMTEELT-SO","BOOMTEELT","SO"
"http://digitalbuildingdata.tech/nlcs/def/d20273b2-0e65-4c06-a9ea-2980209ee5d2","BOOM","SGR","","3047","SGR-BOOM_SNOEIEN-SO","BOOM_SNOEIEN","SO"
"http://digitalbuildingdata.tech/nlcs/def/c44c0542-f53f-49e6-988b-3ee892b64c43","BOOM","SGR","","3048","SGR-BOOM_VERPLANTEN-SO","BOOM_VERPLANTEN","SO"
"http://digitalbuildingdata.tech/nlcs/def/c1f55c3f-d282-41b1-b18c-0ec9e568f81e","BOUWLAND","SGR","","3049","SGR-BOUWLAND-SO","BOUWLAND","SO"
"http://digitalbuildingdata.tech/nlcs/def/73eac197-2603-4fb0-9bc5-2f8d56cbab2f","BOUWLAND","SGR","","3050","SGR-BOUWLAND_AKKERBOUW-SO","BOUWLAND_AKKERBOUW","SO"
"http://digitalbuildingdata.tech/nlcs/def/aa7af56c-be7c-4ec9-89c3-59c258bb31c6","BOUWLAND","SGR","","3051","SGR-BOUWLAND_BOLLENTEELT-SO","BOUWLAND_BOLLENTEELT","SO"
"http://digitalbuildingdata.tech/nlcs/def/f2dd682b-3ecd-4523-ab03-c94579ad306b","BOUWLAND","SGR","","3052","SGR-BOUWLAND_BRAAKLIGGEND-SO","BOUWLAND_BRAAKLIGGEND","SO"
"http://digitalbuildingdata.tech/nlcs/def/8b794d4b-43d8-42ce-8eac-bf0586a5c7ee","BOUWLAND","SGR","","3053","SGR-BOUWLAND_VOLLEGRONDSTEELT-SO","BOUWLAND_VOLLEGRONDSTEELT","SO"
"http://digitalbuildingdata.tech/nlcs/def/3782eb45-c2b4-4da1-bafa-b6e840bff067","DOORWORTELBARE RUIMTE","SGR","","3054","SGR-DOORWORTELBARE RUIMTE","DOORWORTELBARE RUIMTE",""
"http://digitalbuildingdata.tech/nlcs/def/c1cab0b1-1351-46a4-8c70-7c775da4dcaa","DUIN","SGR","","3055","SGR-DUIN-SO","DUIN","SO"
"http://digitalbuildingdata.tech/nlcs/def/0365c166-fcd8-4f6a-b71c-02b2fb84f53d","FRUITTEELT","SGR","","3056","SGR-FRUITTEELT-SO","FRUITTEELT","SO"
"http://digitalbuildingdata.tech/nlcs/def/b0d02317-2ce1-4369-8350-60675edd268b","HEIDE","SGR","","3057","SGR-HEIDE-SO","HEIDE","SO"
"http://digitalbuildingdata.tech/nlcs/def/5e52f8da-c0f3-434a-bfaf-bc67b647af76","ROOS","SGR","","3058","SGR-ROOS-SO","ROOS","SO"
"http://digitalbuildingdata.tech/nlcs/def/01ef4daf-9115-4971-85e3-3dddca3505ff","BOOM","SGR","V","3059","V-SGR-BOOM_1E GROOTTE","BOOM_1E GROOTTE",""
"http://digitalbuildingdata.tech/nlcs/def/2d039faa-0c19-496f-b6f7-e338eef2c3df","BOOM","SGR","V","3060","V-SGR-BOOM_2E GROOTTE","BOOM_2E GROOTTE",""
"http://digitalbuildingdata.tech/nlcs/def/7dc94c1d-0293-4cf3-8121-8d7eab34f287","BOOM","SGR","V","3061","V-SGR-BOOM_3E GROOTTE","BOOM_3E GROOTTE",""
"http://digitalbuildingdata.tech/nlcs/def/dbb919a5-0adb-4aae-ae29-ffecaf4734f7","HOUTWAL","SGR","","3062","SGR-HOUTWAL-SO","HOUTWAL","SO"
"http://digitalbuildingdata.tech/nlcs/def/04acd1b1-9767-4ce5-a9de-d06a927afee6","VEGETATIE","SGR","","3331","SGR-VEGETATIE_OPEN-SO","VEGETATIE_OPEN","SO"
"http://digitalbuildingdata.tech/nlcs/def/d13b9ab5-2871-4708-895e-8827308f603d","VEGETATIE","SGR","","3332","SGR-VEGETATIE_GESLOTEN-SO","VEGETATIE_GESLOTEN","SO"
"http://digitalbuildingdata.tech/nlcs/def/d920b384-ed84-4129-a037-9b90eaaee1a7","KWELDER","SGR","","3333","SGR-KWELDER-SO","KWELDER","SO"
"http://digitalbuildingdata.tech/nlcs/def/47f97655-ac26-4898-b78c-a3de18c7ebe8","BEPLANTING","SGR","","3457","SGR-BEPLANTING_SOORT_01_KL-SO","BEPLANTING_SOORT_01_KL","SO"
"http://digitalbuildingdata.tech/nlcs/def/fa6c9e34-0679-4287-9c3b-e296d1792ec4","BEPLANTING","SGR","","3458","SGR-BEPLANTING_SOORT_02_KL-SO","BEPLANTING_SOORT_02_KL","SO"
"http://digitalbuildingdata.tech/nlcs/def/ff5de895-15c4-42c0-9911-1638ea601ce8","BOLLEN","SGR","","3459","SGR-BOLLEN_KL-SO","BOLLEN_KL","SO"
"http://digitalbuildingdata.tech/nlcs/def/299cbfac-efea-4417-be0d-fd73ac37ba7b","BOS","SGR","","3462","SGR-BOS_KL-SO","BOS_KL","SO"
"http://digitalbuildingdata.tech/nlcs/def/a9cb7051-1f83-41ec-b5ee-ac59052fa1b0","BOS","SGR","","3463","SGR-BOS_GEMENGD_KL-SO","BOS_GEMENGD_KL","SO"
"http://digitalbuildingdata.tech/nlcs/def/6045d99c-0eaa-4a50-b80f-35fe59d80b4e","BOS","SGR","","3464","SGR-BOS_LOOF_KL-SO","BOS_LOOF_KL","SO"
"http://digitalbuildingdata.tech/nlcs/def/f9f3d826-dff0-4365-af23-78488a21243b","BOS","SGR","","3465","SGR-BOS_NAALD_KL-SO","BOS_NAALD_KL","SO"
"http://digitalbuildingdata.tech/nlcs/def/4815fb47-6ef0-4479-bec5-2d27019b7184","BOS","SGR","","3466","SGR-BOSPLANTSOEN_KL-SO","BOSPLANTSOEN_KL","SO"
"http://digitalbuildingdata.tech/nlcs/def/e5f3eb28-1be8-4037-8882-479420d89693","GRAS","SGR","","3467","SGR-GRAS_01_KL-SO","GRAS_01_KL","SO"
"http://digitalbuildingdata.tech/nlcs/def/52d5bfe5-156b-48ab-8150-6ef70f85a539","GRAS","SGR","","3469","SGR-GRAS_GAZON_KL-SO","GRAS_GAZON_KL","SO"
"http://digitalbuildingdata.tech/nlcs/def/953de820-f602-415f-a173-01cdd8944fbc","GRAS","SGR","","3470","SGR-GRAS_GESTABILISEERD_KL-SO","GRAS_GESTABILISEERD_KL","SO"
"http://digitalbuildingdata.tech/nlcs/def/67072cb9-8e7d-4bce-bf33-8e65842b8d25","GRAS","SGR","","3471","SGR-GRAS_KUNSTGRAS_KL-SO","GRAS_KUNSTGRAS_KL","SO"
"http://digitalbuildingdata.tech/nlcs/def/2895abd4-6db8-4278-be2f-572bda81984d","GRAS","SGR","","3472","SGR-GRAS_RUIGGRAS_KL-SO","GRAS_RUIGGRAS_KL","SO"
"http://digitalbuildingdata.tech/nlcs/def/91d14b64-2645-44b9-a32c-d6686dd0f1e2","HEESTERS","SGR","","3474","SGR-HEESTERS_KL-SO","HEESTERS_KL","SO"
"http://digitalbuildingdata.tech/nlcs/def/426b14d1-d59a-466c-a1b5-67b3dbf45a9f","HOUTOPSTAND","SGR","","3475","SGR-HOUTOPSTAND_KL-SO","HOUTOPSTAND_KL","SO"
"http://digitalbuildingdata.tech/nlcs/def/66e01336-0f4f-4e22-af62-4d27d410d650","HOUTOPSTAND","SGR","","3476","SGR-HOUTOPSTAND_GEMENGD_KL-SO","HOUTOPSTAND_GEMENGD_KL","SO"
"http://digitalbuildingdata.tech/nlcs/def/8ebf2dec-143a-4988-9f7f-f18b36eb18ba","HOUTOPSTAND","SGR","","3477","SGR-HOUTOPSTAND_LOOF_KL-SO","HOUTOPSTAND_LOOF_KL","SO"
"http://digitalbuildingdata.tech/nlcs/def/258b815b-419d-4ca2-b66a-488ab274b877","HOUTOPSTAND","SGR","","3478","SGR-HOUTOPSTAND_NAALD_KL-SO","HOUTOPSTAND_NAALD_KL","SO"
"http://digitalbuildingdata.tech/nlcs/def/2e82d611-6bea-4662-8496-eafdd3a0eb10","KRUIDEN","SGR","","3479","SGR-KRUIDEN_KL-SO","KRUIDEN_KL","SO"
"http://digitalbuildingdata.tech/nlcs/def/95e5250c-ce5c-4122-8d17-6830073958b9","MAAIVELD","SGR","","3480","SGR-MAAIVELD_KL-SO","MAAIVELD_KL","SO"
"http://digitalbuildingdata.tech/nlcs/def/9ce24a47-b982-48ce-8189-8c9973b3ca6a","MOERAS","SGR","","3481","SGR-MOERAS_KL-SO","MOERAS_KL","SO"
"http://digitalbuildingdata.tech/nlcs/def/062d0b6e-2712-409d-9581-2a90867b2bda","PLANTGATVERBETERING","SGR","","3482","SGR-PLANTGATVERBETERING_01_KL-SO","PLANTGATVERBETERING_01_KL","SO"
"http://digitalbuildingdata.tech/nlcs/def/cf5b1671-441e-43c7-84c9-ed46b0948005","PLANTGATVERBETERING","SGR","","3483","SGR-PLANTGATVERBETERING_02_KL-SO","PLANTGATVERBETERING_02_KL","SO"
"http://digitalbuildingdata.tech/nlcs/def/c6dc66da-884d-4698-ab67-157378af28c9","RIETLAND","SGR","","3484","SGR-RIETLAND_KL-SO","RIETLAND_KL","SO"
"http://digitalbuildingdata.tech/nlcs/def/0088bcf4-91e2-44eb-add6-efc45fdd4982","SIERPLANTSOEN","SGR","","3485","SGR-SIERPLANTSOEN_KL-SO","SIERPLANTSOEN_KL","SO"
"http://digitalbuildingdata.tech/nlcs/def/1fb88a2c-08f2-44e9-b9b3-9c2e7cb7c5a5","SPORTVELD","SGR","","3486","SGR-SPORTVELD_GRAS_KL-SO","SPORTVELD_GRAS_KL","SO"
"http://digitalbuildingdata.tech/nlcs/def/41c3a1b5-5c6f-4b52-b763-3fd7a4d5c572","SPORTVELD","SGR","","3487","SGR-SPORTVELD_GRAS_KUNSTGRAS_KL-SO","SPORTVELD_GRAS_KUNSTGRAS_KL","SO"
"http://digitalbuildingdata.tech/nlcs/def/fa900acd-a94b-4365-8aae-0dec1833974d","STRUWEEL","SGR","","3488","SGR-STRUWEEL_KL-SO","STRUWEEL_KL","SO"
"http://digitalbuildingdata.tech/nlcs/def/e164fc5b-6ad0-4c8a-8199-98daa7a935c9","VASTEPLANTEN","SGR","","3491","SGR-VASTEPLANTEN_KL-SO","VASTEPLANTEN_KL","SO"
"http://digitalbuildingdata.tech/nlcs/def/ba6707f8-63b1-4112-b29c-0d59c606a8ed","WATERPLANTEN","SGR","","3492","SGR-WATERPLANTEN_KL-SO","WATERPLANTEN_KL","SO"
"http://digitalbuildingdata.tech/nlcs/def/2d1feca0-c671-421d-a9be-1a220274a564","WISSELBEPLANTING","SGR","","3493","SGR-WISSELBEPLANTING_KL-SO","WISSELBEPLANTING_KL","SO"
"http://digitalbuildingdata.tech/nlcs/def/640766ea-d2a5-4de6-b85c-7775c5c66e85","BEPLANTING","SGR","V","3494","V-SGR-BEPLANTING_SOORT_01_KL-SO","BEPLANTING_SOORT_01_KL","SO"
"http://digitalbuildingdata.tech/nlcs/def/920930c4-602d-4cd9-a933-03185259a713","BEPLANTING","SGR","V","3495","V-SGR-BEPLANTING_SOORT_02_KL-SO","BEPLANTING_SOORT_02_KL","SO"
"http://digitalbuildingdata.tech/nlcs/def/c26936cd-e99c-4d9f-80e3-20dda0efa90d","BOLLEN","SGR","V","3496","V-SGR-BOLLEN_KL-SO","BOLLEN_KL","SO"
"http://digitalbuildingdata.tech/nlcs/def/b99914fb-a9c8-4647-9646-39df0085bff4","BOS","SGR","V","3499","V-SGR-BOS_KL-SO","BOS_KL","SO"
"http://digitalbuildingdata.tech/nlcs/def/d406e944-9cc8-4a9d-a2a3-8f9f962ea072","BOS","SGR","V","3500","V-SGR-BOS_GEMENGD_KL-SO","BOS_GEMENGD_KL","SO"
"http://digitalbuildingdata.tech/nlcs/def/ad78a7ba-adbe-4e22-9c7c-f8859af7a648","BOS","SGR","V","3501","V-SGR-BOS_LOOF_KL-SO","BOS_LOOF_KL","SO"
"http://digitalbuildingdata.tech/nlcs/def/db75f0c6-5feb-40c4-b046-41e43e2285e6","BOS","SGR","V","3502","V-SGR-BOS_NAALD_KL-SO","BOS_NAALD_KL","SO"
"http://digitalbuildingdata.tech/nlcs/def/ebbaea0d-7025-44f3-b43d-e9e25d636f55","BOS","SGR","V","3503","V-SGR-BOSPLANTSOEN_KL-SO","BOSPLANTSOEN_KL","SO"
"http://digitalbuildingdata.tech/nlcs/def/c2826ff4-ff41-4ed3-a928-472a8295fbf3","GRAS","SGR","V","3504","V-SGR-GRAS_01_KL-SO","GRAS_01_KL","SO"
"http://digitalbuildingdata.tech/nlcs/def/7fd1ff76-66fb-4a11-a0f6-39f0594ae5ef","GRAS","SGR","V","3506","V-SGR-GRAS_GAZON_KL-SO","GRAS_GAZON_KL","SO"
"http://digitalbuildingdata.tech/nlcs/def/be071f73-f74d-45ce-ba03-ec01f2a5537b","GRAS","SGR","V","3507","V-SGR-GRAS_GESTABILISEERD_KL-SO","GRAS_GESTABILISEERD_KL","SO"
"http://digitalbuildingdata.tech/nlcs/def/1a7ab624-d227-4f65-b866-236124f07ea3","GRAS","SGR","V","3508","V-SGR-GRAS_KUNSTGRAS_KL-SO","GRAS_KUNSTGRAS_KL","SO"
"http://digitalbuildingdata.tech/nlcs/def/0faeefd0-2b69-4f0d-9d94-bab05e72189e","GRAS","SGR","V","3509","V-SGR-GRAS_RUIGGRAS_KL-SO","GRAS_RUIGGRAS_KL","SO"
"http://digitalbuildingdata.tech/nlcs/def/490412e8-3a72-4159-8365-f9cfe2c6d5b3","HEESTERS","SGR","V","3511","V-SGR-HEESTERS_KL-SO","HEESTERS_KL","SO"
"http://digitalbuildingdata.tech/nlcs/def/c7077940-32dd-411e-b745-8d9f82fcdb2b","HOUTOPSTAND","SGR","V","3512","V-SGR-HOUTOPSTAND_KL-SO","HOUTOPSTAND_KL","SO"
"http://digitalbuildingdata.tech/nlcs/def/e3d455f7-ad80-4abd-8edd-6615b43fd73f","HOUTOPSTAND","SGR","V","3513","V-SGR-HOUTOPSTAND_GEMENGD_KL-SO","HOUTOPSTAND_GEMENGD_KL","SO"
"http://digitalbuildingdata.tech/nlcs/def/2b6d6755-59b8-4a2e-86cd-427c132dfbbf","HOUTOPSTAND","SGR","V","3514","V-SGR-HOUTOPSTAND_LOOF_KL-SO","HOUTOPSTAND_LOOF_KL","SO"
"http://digitalbuildingdata.tech/nlcs/def/317d45e2-b067-45eb-83ed-5539327ee484","HOUTOPSTAND","SGR","V","3515","V-SGR-HOUTOPSTAND_NAALD_KL-SO","HOUTOPSTAND_NAALD_KL","SO"
"http://digitalbuildingdata.tech/nlcs/def/0325aaeb-77e9-4cb4-b353-7eabf4b03d3d","KRUIDEN","SGR","V","3516","V-SGR-KRUIDEN_KL-SO","KRUIDEN_KL","SO"
"http://digitalbuildingdata.tech/nlcs/def/54054ac2-c8ff-428c-850f-4f1c1b56e806","MAAIVELD","SGR","V","3517","V-SGR-MAAIVELD_KL-SO","MAAIVELD_KL","SO"
"http://digitalbuildingdata.tech/nlcs/def/865c71a5-765f-48cb-9418-e9f59d85e9c7","MOERAS","SGR","V","3518","V-SGR-MOERAS_KL-SO","MOERAS_KL","SO"
"http://digitalbuildingdata.tech/nlcs/def/28fbcac8-3748-458a-a7b1-ea5bddb00d84","PLANTGATVERBETERING","SGR","V","3519","V-SGR-PLANTGATVERBETERING_01_KL-SO","PLANTGATVERBETERING_01_KL","SO"
"http://digitalbuildingdata.tech/nlcs/def/b82f2c71-2450-49db-bad8-0d659b698da3","PLANTGATVERBETERING","SGR","V","3520","V-SGR-PLANTGATVERBETERING_02_KL-SO","PLANTGATVERBETERING_02_KL","SO"
"http://digitalbuildingdata.tech/nlcs/def/3d5df8bc-a91f-4fb3-a788-a8ff73788a38","RIETLAND","SGR","V","3521","V-SGR-RIETLAND_KL-SO","RIETLAND_KL","SO"
"http://digitalbuildingdata.tech/nlcs/def/2f6be81f-df8d-49b8-ade4-ad49cabec111","SIERPLANTSOEN","SGR","V","3522","V-SGR-SIERPLANTSOEN_KL-SO","SIERPLANTSOEN_KL","SO"
"http://digitalbuildingdata.tech/nlcs/def/8640b603-7e13-44a2-97a9-7289528a5fe2","SPORTVELD","SGR","V","3523","V-SGR-SPORTVELD_GRAS_KL-SO","SPORTVELD_GRAS_KL","SO"
"http://digitalbuildingdata.tech/nlcs/def/ccfd3a9a-60ed-4786-adbb-8cf3ddaf72e7","SPORTVELD","SGR","V","3524","V-SGR-SPORTVELD_GRAS_KUNSTGRAS_KL-SO","SPORTVELD_GRAS_KUNSTGRAS_KL","SO"
"http://digitalbuildingdata.tech/nlcs/def/1f9affe9-b279-4b62-9bc0-efe072cc86af","STRUWEEL","SGR","V","3525","V-SGR-STRUWEEL_KL-SO","STRUWEEL_KL","SO"
"http://digitalbuildingdata.tech/nlcs/def/6e0a0c46-c9bf-4aed-bbb1-2d31c68f81e9","VASTEPLANTEN","SGR","V","3528","V-SGR-VASTEPLANTEN_KL-SO","VASTEPLANTEN_KL","SO"
"http://digitalbuildingdata.tech/nlcs/def/ffabb96d-3f9f-46ef-acae-1c066b0436b4","WATERPLANTEN","SGR","V","3529","V-SGR-WATERPLANTEN_KL-SO","WATERPLANTEN_KL","SO"
"http://digitalbuildingdata.tech/nlcs/def/1e8f18a8-248f-46de-b4d0-11f686293013","WISSELBEPLANTING","SGR","V","3530","V-SGR-WISSELBEPLANTING_KL-SO","WISSELBEPLANTING_KL","SO"
"http://digitalbuildingdata.tech/nlcs/def/a038bb97-9ebe-44d8-a9a6-87193389b46f","BEPLANTING","SGR","V","358","V-SGR-BEPLANTING_SOORT_01-SO","BEPLANTING_SOORT_01","SO"
"http://digitalbuildingdata.tech/nlcs/def/28336088-9a9d-436d-bc3e-4e8b2ad8839d","BEPLANTING","SGR","V","359","V-SGR-BEPLANTING_SOORT_02-SO","BEPLANTING_SOORT_02","SO"
"http://digitalbuildingdata.tech/nlcs/def/abe276f4-b807-434a-84fd-01e35e749fe9","BOLLEN","SGR","V","360","V-SGR-BOLLEN-SO","BOLLEN","SO"
"http://digitalbuildingdata.tech/nlcs/def/456ce217-e15c-43f7-aeca-8b9576a6b897","BOOM","SGR","V","363","V-SGR-BOOM_01","BOOM_01",""
"http://digitalbuildingdata.tech/nlcs/def/7366b37e-0560-426a-8062-38a2ba054fe5","BOOM","SGR","V","364","V-SGR-BOOM_02","BOOM_02",""
"http://digitalbuildingdata.tech/nlcs/def/f364af6d-e6d6-411d-a04f-784481550ea7","BOOM","SGR","V","365","V-SGR-BOOM_03","BOOM_03",""
"http://digitalbuildingdata.tech/nlcs/def/cd6527ae-0b5e-4d2b-8bbf-fa14fbb779a5","BOOM","SGR","V","366","V-SGR-BOOM_04","BOOM_04",""
"http://digitalbuildingdata.tech/nlcs/def/39407577-e856-4f5f-9b33-5cbff1dfbc07","BOOM","SGR","V","367","V-SGR-BOOM_05","BOOM_05",""
"http://digitalbuildingdata.tech/nlcs/def/b22a4b43-7b13-4c7e-8858-e95c55e1d3e6","BOOM","SGR","V","368","V-SGR-BOOM_06","BOOM_06",""
"http://digitalbuildingdata.tech/nlcs/def/b8a9d83b-37c0-4a92-b53f-682130a6f727","BOOM","SGR","V","369","V-SGR-BOOM_07","BOOM_07",""
"http://digitalbuildingdata.tech/nlcs/def/7ed97647-d223-4aed-b2a0-4f425e8819dc","BOOM","SGR","V","370","V-SGR-BOOM_08","BOOM_08",""
"http://digitalbuildingdata.tech/nlcs/def/80c8270f-de5a-473c-9355-174ad106d743","BOOM","SGR","V","371","V-SGR-BOOM_09","BOOM_09",""
"http://digitalbuildingdata.tech/nlcs/def/1ca62d73-37ad-4083-8926-b40b54d86759","BOOM","SGR","V","372","V-SGR-BOOM_10","BOOM_10",""
"http://digitalbuildingdata.tech/nlcs/def/0805b23c-9847-44b5-ba32-82217c7f1756","BOOM","SGR","V","373","V-SGR-BOOM_11","BOOM_11",""
"http://digitalbuildingdata.tech/nlcs/def/9cfc84d7-1e28-4290-8612-27c8ba10fbbc","BOOM","SGR","V","374","V-SGR-BOOM_12","BOOM_12",""
"http://digitalbuildingdata.tech/nlcs/def/ea50f580-2f35-4105-b907-ab81c84bb62d","BOOM","SGR","V","375","V-SGR-BOOM_13","BOOM_13",""
"http://digitalbuildingdata.tech/nlcs/def/3dc0574c-b466-4762-97f0-4536f49250cf","BOOM","SGR","V","376","V-SGR-BOOM_14","BOOM_14",""
"http://digitalbuildingdata.tech/nlcs/def/85ed3114-7f7c-4dfc-8f21-7bdb56ee289e","BOOM","SGR","V","377","V-SGR-BOOM_15","BOOM_15",""
"http://digitalbuildingdata.tech/nlcs/def/abae293b-84bc-4d10-8b4d-bf39dac2141e","BOOM","SGR","V","378","V-SGR-BOOM_16","BOOM_16",""
"http://digitalbuildingdata.tech/nlcs/def/19033f29-8c31-4306-902d-a88eca6dcd7c","BOOM","SGR","V","379","V-SGR-BOOM_17","BOOM_17",""
"http://digitalbuildingdata.tech/nlcs/def/f2ace33b-ce60-4537-806c-19e738ddb677","BOOM","SGR","V","380","V-SGR-BOOM_18","BOOM_18",""
"http://digitalbuildingdata.tech/nlcs/def/e8f15f3b-9b6c-4f2f-8130-4ca7564afaa5","BOOM","SGR","V","381","V-SGR-BOOM_19","BOOM_19",""
"http://digitalbuildingdata.tech/nlcs/def/01de6cda-655d-4e3f-ac45-c514f27e95e7","BOOM","SGR","V","382","V-SGR-BOOM_20","BOOM_20",""
"http://digitalbuildingdata.tech/nlcs/def/fb3a3cf2-2293-4139-983d-51c0f3726ed9","BOOM","SGR","V","383","V-SGR-BOOM_21","BOOM_21",""
"http://digitalbuildingdata.tech/nlcs/def/03ebddec-a491-4979-8588-55c2e6dad0a2","BOOM","SGR","V","384","V-SGR-BOOM_22","BOOM_22",""
"http://digitalbuildingdata.tech/nlcs/def/db545e39-55ee-4962-91f7-24c45af2c0d8","BOOM","SGR","V","385","V-SGR-BOOM_23","BOOM_23",""
"http://digitalbuildingdata.tech/nlcs/def/faa026b5-cc2f-4bc9-975d-10625e7a83db","BOOM","SGR","V","386","V-SGR-BOOM_24","BOOM_24",""
"http://digitalbuildingdata.tech/nlcs/def/96869f24-f7f4-45db-8182-97a9da7aa18b","BOOM","SGR","V","387","V-SGR-BOOM_25","BOOM_25",""
"http://digitalbuildingdata.tech/nlcs/def/e0d62f12-0b75-480d-85da-4e45ba1edf87","BOOM","SGR","V","388","V-SGR-BOOM_26","BOOM_26",""
"http://digitalbuildingdata.tech/nlcs/def/b87a3e58-952e-4a7b-9d0d-ca7488739440","BOOM","SGR","V","389","V-SGR-BOOM_27","BOOM_27",""
"http://digitalbuildingdata.tech/nlcs/def/54949ca5-950b-46dc-9269-95afc350ef95","BOOM","SGR","V","390","V-SGR-BOOM_28","BOOM_28",""
"http://digitalbuildingdata.tech/nlcs/def/b52f6abb-ae4d-490f-9aa6-9d27190c70ed","BOOM","SGR","V","391","V-SGR-BOOM_29","BOOM_29",""
"http://digitalbuildingdata.tech/nlcs/def/d2293c19-bd35-42dd-baf6-3bdab4d084eb","BOOM","SGR","V","392","V-SGR-BOOM_30","BOOM_30",""
"http://digitalbuildingdata.tech/nlcs/def/1e4c6850-b1c0-4502-9e5e-364c2e791ad5","BOOM","SGR","V","393","V-SGR-BOOM_31","BOOM_31",""
"http://digitalbuildingdata.tech/nlcs/def/1218c7b9-c4c7-4103-b675-6dd967049c56","BOOM","SGR","V","394","V-SGR-BOOM_32","BOOM_32",""
"http://digitalbuildingdata.tech/nlcs/def/f142bf1d-149d-42be-9ecf-eae2bf20f91d","BOOM","SGR","V","395","V-SGR-BOOM_33","BOOM_33",""
"http://digitalbuildingdata.tech/nlcs/def/0f73e254-61a5-4511-94b8-d249e02d6214","BOOM","SGR","V","396","V-SGR-BOOM_34","BOOM_34",""
"http://digitalbuildingdata.tech/nlcs/def/d9a3fe41-003c-4bd6-ab8b-5bb43ccbbb2c","BOOM","SGR","V","397","V-SGR-BOOM_35","BOOM_35",""
"http://digitalbuildingdata.tech/nlcs/def/af031a14-2189-42c3-8a24-839338468e0f","BOOM","SGR","V","398","V-SGR-BOOM_36","BOOM_36",""
"http://digitalbuildingdata.tech/nlcs/def/972b5b3f-8318-477f-ae15-18ac71f34deb","BOOM","SGR","V","399","V-SGR-BOOM_37","BOOM_37",""
"http://digitalbuildingdata.tech/nlcs/def/91fef84b-1822-459c-b430-3206097aadfc","BOOM","SGR","V","400","V-SGR-BOOM_38","BOOM_38",""
"http://digitalbuildingdata.tech/nlcs/def/a65cd8aa-6019-4d28-a677-7f0b971d3634","BOOM","SGR","V","401","V-SGR-BOOM_39","BOOM_39",""
"http://digitalbuildingdata.tech/nlcs/def/7a8be940-39c7-4f8a-8c00-09a8b0d42669","BOOM","SGR","V","402","V-SGR-BOOM_40","BOOM_40",""
"http://digitalbuildingdata.tech/nlcs/def/671e058c-063b-4c8a-987e-2f5f7db56e37","BOOM","SGR","V","403","V-SGR-BOOM_41","BOOM_41",""
"http://digitalbuildingdata.tech/nlcs/def/d4ef8343-1f97-4e41-839b-cfcd1a3975e5","BOOM","SGR","V","404","V-SGR-BOOM_GBKN-SO","BOOM_GBKN","SO"
"http://digitalbuildingdata.tech/nlcs/def/40d01327-8ab0-4606-805f-8cf893642b34","BOOM","SGR","V","405","V-SGR-BOOM_KROON-SO","BOOM_KROON","SO"
"http://digitalbuildingdata.tech/nlcs/def/83a1f267-444b-4b74-8db6-72d39abec5ca","BOOM","SGR","V","406","V-SGR-BOOM_STAM-SO","BOOM_STAM","SO"
"http://digitalbuildingdata.tech/nlcs/def/56ebd117-cc9c-4c0a-b144-19d1e00af890","BOOM","SGR","V","407","V-SGR-BOOM_VERPLANTEN_KROON-SO","BOOM_VERPLANTEN_KROON","SO"
"http://digitalbuildingdata.tech/nlcs/def/facd1666-26d8-4e8d-8e00-e6b0a03b475f","BOOM","SGR","V","408","V-SGR-BOOM_VERPLANTEN_STAM-SO","BOOM_VERPLANTEN_STAM","SO"
"http://digitalbuildingdata.tech/nlcs/def/1f56bc94-b635-4220-9cef-64bc0408c625","BOS","SGR","V","409","V-SGR-BOS_GEMENGD-SO","BOS_GEMENGD","SO"
"http://digitalbuildingdata.tech/nlcs/def/a568bcb1-4357-4214-924b-9ed40f82e0ff","BOS","SGR","V","410","V-SGR-BOS_LOOF-SO","BOS_LOOF","SO"
"http://digitalbuildingdata.tech/nlcs/def/12249108-d6cb-4483-aa16-ab98e8d81837","BOS","SGR","V","411","V-SGR-BOS_NAALD-SO","BOS_NAALD","SO"
"http://digitalbuildingdata.tech/nlcs/def/c77c3b9b-baec-477a-9bcf-a55a01660ee3","BOS","SGR","V","412","V-SGR-BOS-SO","BOS","SO"
"http://digitalbuildingdata.tech/nlcs/def/ac8e8f2f-65eb-44dc-8ed0-01731d74a532","BOS","SGR","V","413","V-SGR-BOSPLANTSOEN-SO","BOSPLANTSOEN","SO"
"http://digitalbuildingdata.tech/nlcs/def/db1ce118-51d2-42cb-b327-f7c63d1d7840","CONIFEER","SGR","V","414","V-SGR-CONIFEER","CONIFEER",""
"http://digitalbuildingdata.tech/nlcs/def/a8b6c4d7-d39b-48da-a9f8-38d458635162","GRAS","SGR","V","415","V-SGR-GRAS_01-SO","GRAS_01","SO"
"http://digitalbuildingdata.tech/nlcs/def/e1e9d5fd-0a3e-4e98-be34-93dfcd240119","GRAS","SGR","V","417","V-SGR-GRAS_GAZON-SO","GRAS_GAZON","SO"
"http://digitalbuildingdata.tech/nlcs/def/75b1603e-5fea-4906-b496-9347fa1640d6","GRAS","SGR","V","418","V-SGR-GRAS_GESTABILISEERD-SO","GRAS_GESTABILISEERD","SO"
"http://digitalbuildingdata.tech/nlcs/def/33f775aa-c944-4a73-b747-2cd521d0a788","BOOM","SGR","","4186","SGR-BOOM-SO","BOOM","SO"
"http://digitalbuildingdata.tech/nlcs/def/5ff52465-9176-4fd7-9d26-b8f5e3434905","BOOM","SGR","V","4187","V-SGR-BOOM-SO","BOOM","SO"
"http://digitalbuildingdata.tech/nlcs/def/ea689927-56d7-4a44-8f89-c267753c9a0d","GRAS","SGR","V","419","V-SGR-GRAS_KUNSTGRAS-SO","GRAS_KUNSTGRAS","SO"
"http://digitalbuildingdata.tech/nlcs/def/68027152-f793-4b21-8067-50e70facbe50","GRAS","SGR","V","420","V-SGR-GRAS_RUIGGRAS-SO","GRAS_RUIGGRAS","SO"
"http://digitalbuildingdata.tech/nlcs/def/4ac21dff-b9ca-4020-afe7-c830096d1d75","SPORTVELD","SGR","V","421","V-SGR-SPORTVELD_GRAS-SO","SPORTVELD_GRAS","SO"
"http://digitalbuildingdata.tech/nlcs/def/e63f08b1-5ac5-42b9-8df8-104dafe137c4","SPORTVELD","SGR","V","422","V-SGR-SPORTVELD_GRAS_KUNSTGRAS-SO","SPORTVELD_GRAS_KUNSTGRAS","SO"
"http://digitalbuildingdata.tech/nlcs/def/8dc08093-91c1-4207-846a-7cbc4ead5efc","HEESTER","SGR","V","424","V-SGR-HEESTER_01","HEESTER_01",""
"http://digitalbuildingdata.tech/nlcs/def/f494b8a0-0d1e-4079-a9e2-15d86b881e2d","HEESTER","SGR","V","425","V-SGR-HEESTER_02","HEESTER_02",""
"http://digitalbuildingdata.tech/nlcs/def/091d3a99-7d16-4143-a04e-aa823a24abf4","HEESTER","SGR","V","426","V-SGR-HEESTER_03","HEESTER_03",""
"http://digitalbuildingdata.tech/nlcs/def/fdc3f6e4-aa0b-4e4d-a99f-c2f59b7bb1b0","HEESTER","SGR","V","427","V-SGR-HEESTER_04","HEESTER_04",""
"http://digitalbuildingdata.tech/nlcs/def/7e6db402-ba2e-4001-bceb-58c540e7ca3d","HEESTER","SGR","V","428","V-SGR-HEESTER_05","HEESTER_05",""
"http://digitalbuildingdata.tech/nlcs/def/9bdf5f54-4c9b-4661-b592-3352b6d50b96","HEESTER","SGR","V","429","V-SGR-HEESTER_06","HEESTER_06",""
"http://digitalbuildingdata.tech/nlcs/def/9e594dbd-d066-4df5-8397-6ec863614f8d","HEESTERS","SGR","V","430","V-SGR-HEESTERS-SO","HEESTERS","SO"
"http://digitalbuildingdata.tech/nlcs/def/891d7041-763f-4afa-9dce-6c79fe79245e","HONDENTOILET","SGR","V","431","V-SGR-HONDENTOILET-SO","HONDENTOILET","SO"
"http://digitalbuildingdata.tech/nlcs/def/0d91069d-c19d-4bd0-9a7f-93eec4464940","HOUTOPSTAND","SGR","V","432","V-SGR-HOUTOPSTAND_GEMENGD-SO","HOUTOPSTAND_GEMENGD","SO"
"http://digitalbuildingdata.tech/nlcs/def/43988a11-268e-4c43-8bf2-74e74c119c69","HOUTOPSTAND","SGR","V","433","V-SGR-HOUTOPSTAND_LOOF-SO","HOUTOPSTAND_LOOF","SO"
"http://digitalbuildingdata.tech/nlcs/def/ca9b8bcf-05f9-400f-aaca-301a56446c8c","HOUTOPSTAND","SGR","V","434","V-SGR-HOUTOPSTAND_NAALD-SO","HOUTOPSTAND_NAALD","SO"
"http://digitalbuildingdata.tech/nlcs/def/df23ce4c-9372-41c1-bdee-5b3a525513e1","HOUTOPSTAND","SGR","V","435","V-SGR-HOUTOPSTAND-SO","HOUTOPSTAND","SO"
"http://digitalbuildingdata.tech/nlcs/def/965e09f0-ad06-412d-9d98-f46c5ea12cb1","KRUIDEN","SGR","V","436","V-SGR-KRUIDEN-SO","KRUIDEN","SO"
"http://digitalbuildingdata.tech/nlcs/def/8bfba883-651a-421c-8fbd-641f5555f26c","MAAIVELD","SGR","V","437","V-SGR-MAAIVELD-SO","MAAIVELD","SO"
"http://digitalbuildingdata.tech/nlcs/def/c26a7468-ae7a-4b3b-8b4b-65b5850872ff","MOERAS","SGR","V","438","V-SGR-MOERAS-SO","MOERAS","SO"
"http://digitalbuildingdata.tech/nlcs/def/ee051c98-604a-4c31-a895-55e897f88d26","PLANTENBAK","SGR","V","439","V-SGR-PLANTENBAK-SO","PLANTENBAK","SO"
"http://digitalbuildingdata.tech/nlcs/def/658eb562-85f6-4a39-9b3a-24221fdd47ba","PLANTGATVERBETERING","SGR","V","440","V-SGR-PLANTGATVERBETERING_01-SO","PLANTGATVERBETERING_01","SO"
"http://digitalbuildingdata.tech/nlcs/def/94e27594-a682-4d97-9999-99af571ebd9e","PLANTGATVERBETERING","SGR","V","441","V-SGR-PLANTGATVERBETERING_02-SO","PLANTGATVERBETERING_02","SO"
"http://digitalbuildingdata.tech/nlcs/def/5348e51f-9cb7-4bad-b2e9-6cd2fb0d57e7","RIETLAND","SGR","V","442","V-SGR-RIETLAND-SO","RIETLAND","SO"
"http://digitalbuildingdata.tech/nlcs/def/52c95c7f-4ae0-4bd8-9a96-232303af6a55","SIERPLANTSOEN","SGR","V","443","V-SGR-SIERPLANTSOEN-SO","SIERPLANTSOEN","SO"
"http://digitalbuildingdata.tech/nlcs/def/c361ce36-cbe3-43d5-be66-2426efa31204","STRUWEEL","SGR","V","444","V-SGR-STRUWEEL-SO","STRUWEEL","SO"
"http://digitalbuildingdata.tech/nlcs/def/95e344c8-ec3f-4a9e-9617-261413392d5c","VASTEPLANTEN","SGR","V","447","V-SGR-VASTEPLANTEN-SO","VASTEPLANTEN","SO"
"http://digitalbuildingdata.tech/nlcs/def/e978de10-bfe5-42e8-b6fe-4ed71424e0ef","WATERPLANTEN","SGR","V","448","V-SGR-WATERPLANTEN-SO","WATERPLANTEN","SO"
"http://digitalbuildingdata.tech/nlcs/def/2f3cceba-e202-4aa7-9370-962e6b98bfb5","WISSELBEPLANTING","SGR","V","449","V-SGR-WISSELBEPLANTING-SO","WISSELBEPLANTING","SO"
"http://digitalbuildingdata.tech/nlcs/def/ce2d1feb-8f8f-4248-bedb-c7fbd9dbb0e1","BEPLANTING","SGR","","450","SGR-BEPLANTING_SOORT_01-SO","BEPLANTING_SOORT_01","SO"
"http://digitalbuildingdata.tech/nlcs/def/be46b272-de49-4e09-b566-8b1af6abe095","BEPLANTING","SGR","","451","SGR-BEPLANTING_SOORT_02-SO","BEPLANTING_SOORT_02","SO"
"http://digitalbuildingdata.tech/nlcs/def/51c8f57d-10ad-44be-a8da-09c27f88374b","BOLLEN","SGR","","452","SGR-BOLLEN-SO","BOLLEN","SO"
"http://digitalbuildingdata.tech/nlcs/def/32ebd3e3-adff-48d1-98b4-2ea441fb097b","BOOM","SGR","","455","SGR-BOOM_01","BOOM_01",""
"http://digitalbuildingdata.tech/nlcs/def/c0ef9abe-d788-407d-be4e-9d8388b22c60","BOOM","SGR","","456","SGR-BOOM_02","BOOM_02",""
"http://digitalbuildingdata.tech/nlcs/def/ef39edde-a979-4c37-ae1b-02889a372be1","BOOM","SGR","","457","SGR-BOOM_03","BOOM_03",""
"http://digitalbuildingdata.tech/nlcs/def/5a15293a-724e-46ed-ae09-797aa9cada6f","BOOM","SGR","","458","SGR-BOOM_04","BOOM_04",""
"http://digitalbuildingdata.tech/nlcs/def/3e16ad94-174e-4850-bdc7-fec9b2eefe8c","BOOM","SGR","","459","SGR-BOOM_05","BOOM_05",""
"http://digitalbuildingdata.tech/nlcs/def/4d90e009-12ec-49d5-9c58-be6f36450cdf","BOOM","SGR","","460","SGR-BOOM_06","BOOM_06",""
"http://digitalbuildingdata.tech/nlcs/def/77b868ae-acef-4599-aa4c-bf510ad72876","BOOM","SGR","","461","SGR-BOOM_07","BOOM_07",""
"http://digitalbuildingdata.tech/nlcs/def/590d57aa-1d96-4fea-ab1e-9deddd3f4b61","BOOM","SGR","","462","SGR-BOOM_08","BOOM_08",""
"http://digitalbuildingdata.tech/nlcs/def/63135b4e-d74a-4b28-b891-14f2890111d3","BOOM","SGR","","463","SGR-BOOM_09","BOOM_09",""
"http://digitalbuildingdata.tech/nlcs/def/9af34323-e072-42d0-bb19-e58444f3d244","BOOM","SGR","","464","SGR-BOOM_10","BOOM_10",""
"http://digitalbuildingdata.tech/nlcs/def/4580b331-7cde-4dd7-99fd-54b654b252f9","BOOM","SGR","","465","SGR-BOOM_11","BOOM_11",""
"http://digitalbuildingdata.tech/nlcs/def/899e4d9d-e5d3-4ea3-81ee-d060e1a51995","BOOM","SGR","","466","SGR-BOOM_12","BOOM_12",""
"http://digitalbuildingdata.tech/nlcs/def/c1831c8d-fe94-4b7e-a234-b391c963149d","BOOM","SGR","","467","SGR-BOOM_13","BOOM_13",""
"http://digitalbuildingdata.tech/nlcs/def/d7be22fd-4b19-4c23-9e39-c869d06b5d3e","BOOM","SGR","","468","SGR-BOOM_14","BOOM_14",""
"http://digitalbuildingdata.tech/nlcs/def/4648bd53-b832-454c-9838-b713491b648b","BOOM","SGR","","469","SGR-BOOM_15","BOOM_15",""
"http://digitalbuildingdata.tech/nlcs/def/c35f706f-767b-4d77-a47e-462b46f1eeff","BOOM","SGR","","470","SGR-BOOM_16","BOOM_16",""
"http://digitalbuildingdata.tech/nlcs/def/882ed5b2-6749-4a50-b838-0fcb649d1066","BOOM","SGR","","471","SGR-BOOM_17","BOOM_17",""
"http://digitalbuildingdata.tech/nlcs/def/e6006ecd-6a59-4b12-b186-b0dfeb2e6cc2","BOOM","SGR","","472","SGR-BOOM_18","BOOM_18",""
"http://digitalbuildingdata.tech/nlcs/def/9cb37258-9281-4c73-9491-faf6bf0ffd56","BOOM","SGR","","473","SGR-BOOM_19","BOOM_19",""
"http://digitalbuildingdata.tech/nlcs/def/8c62114d-2375-45cf-a0f6-39664ddaee21","BOOM","SGR","","474","SGR-BOOM_20","BOOM_20",""
"http://digitalbuildingdata.tech/nlcs/def/16f538fc-c7c9-4746-bcb1-2c3cbe4d7899","BOOM","SGR","","475","SGR-BOOM_21","BOOM_21",""
"http://digitalbuildingdata.tech/nlcs/def/120838b3-7347-44e6-ae2c-00bc6e13b2f7","BOOM","SGR","","476","SGR-BOOM_22","BOOM_22",""
"http://digitalbuildingdata.tech/nlcs/def/101e243f-ab19-4182-bae2-66e8d89a098e","BOOM","SGR","","477","SGR-BOOM_23","BOOM_23",""
"http://digitalbuildingdata.tech/nlcs/def/e85b91c2-5eff-4f30-bc55-4e7630a96080","BOOM","SGR","","478","SGR-BOOM_24","BOOM_24",""
"http://digitalbuildingdata.tech/nlcs/def/f68b13b2-328a-40b6-a7e7-46fb0e94df69","BOOM","SGR","","479","SGR-BOOM_25","BOOM_25",""
"http://digitalbuildingdata.tech/nlcs/def/a0bf124b-b612-4ac0-a3d8-fc5876a5b5b4","BOOM","SGR","","480","SGR-BOOM_26","BOOM_26",""
"http://digitalbuildingdata.tech/nlcs/def/49d95677-57c8-4a4a-9b3b-dfe1f3efd50e","BOOM","SGR","","481","SGR-BOOM_27","BOOM_27",""
"http://digitalbuildingdata.tech/nlcs/def/cb16468f-c1b1-4205-826a-14e8f907170c","BOOM","SGR","","482","SGR-BOOM_28","BOOM_28",""
"http://digitalbuildingdata.tech/nlcs/def/9f400ce1-d870-42cd-8f8a-1ee77b883674","BOOM","SGR","","483","SGR-BOOM_29","BOOM_29",""
"http://digitalbuildingdata.tech/nlcs/def/c8d6db8a-feb4-496b-902b-997cdc46af34","BOOM","SGR","","484","SGR-BOOM_30","BOOM_30",""
"http://digitalbuildingdata.tech/nlcs/def/8337ffe2-9ccd-4661-b5a7-85a6547bf08b","BOOM","SGR","","485","SGR-BOOM_31","BOOM_31",""
"http://digitalbuildingdata.tech/nlcs/def/7a14ca4f-4a22-4766-bfe4-ff13f85a69e3","BOOM","SGR","","486","SGR-BOOM_32","BOOM_32",""
"http://digitalbuildingdata.tech/nlcs/def/1d37ba92-5eed-4371-824d-c34f41953c9a","BOOM","SGR","","487","SGR-BOOM_33","BOOM_33",""
"http://digitalbuildingdata.tech/nlcs/def/51f8c549-82d2-47b1-aec8-c957e31e7c70","BOOM","SGR","","488","SGR-BOOM_34","BOOM_34",""
"http://digitalbuildingdata.tech/nlcs/def/a7e5e311-064d-40b5-9bb9-114bdfc8fbda","BOOM","SGR","","489","SGR-BOOM_35","BOOM_35",""
"http://digitalbuildingdata.tech/nlcs/def/02900008-cf8a-4d27-a929-923a382a904b","BOOM","SGR","","490","SGR-BOOM_36","BOOM_36",""
"http://digitalbuildingdata.tech/nlcs/def/2dc1064e-eee7-4484-bdd5-09922892484c","BOOM","SGR","","491","SGR-BOOM_37","BOOM_37",""
"http://digitalbuildingdata.tech/nlcs/def/243ab322-0196-48f6-ad8a-ed9889d6fd1b","BOOM","SGR","","492","SGR-BOOM_38","BOOM_38",""
"http://digitalbuildingdata.tech/nlcs/def/2a174055-6476-4c29-a693-434b6c41015a","BOOM","SGR","","493","SGR-BOOM_39","BOOM_39",""
"http://digitalbuildingdata.tech/nlcs/def/30fd45a1-bb9a-434f-9809-2d76bb5f5c01","BOOM","SGR","","494","SGR-BOOM_40","BOOM_40",""
"http://digitalbuildingdata.tech/nlcs/def/86e98f6d-8ac3-42c3-b33c-83daf8d3578c","BOOM","SGR","","495","SGR-BOOM_41","BOOM_41",""
"http://digitalbuildingdata.tech/nlcs/def/d2c3e1d5-3746-4d3c-8330-62d12f799170","BOOM","SGR","","496","SGR-BOOM_GBKN-SO","BOOM_GBKN","SO"
"http://digitalbuildingdata.tech/nlcs/def/123df073-f773-4ec9-9b0c-231d62029ebb","BOOM","SGR","","497","SGR-BOOM_KROON-SO","BOOM_KROON","SO"
"http://digitalbuildingdata.tech/nlcs/def/df6dca54-6dc9-4a83-8b73-f33b956e3b72","BOOM","SGR","","498","SGR-BOOM_STAM-SO","BOOM_STAM","SO"
"http://digitalbuildingdata.tech/nlcs/def/f05f7979-c083-4102-9cc8-fcb3b86b0f90","BOOM","SGR","","499","SGR-BOOM_VERPLANTEN_KROON-SO","BOOM_VERPLANTEN_KROON","SO"
"http://digitalbuildingdata.tech/nlcs/def/9dd307d9-3ff3-4b6d-b28e-aa7695fd2c8d","BOOM","SGR","","500","SGR-BOOM_VERPLANTEN_STAM-SO","BOOM_VERPLANTEN_STAM","SO"
"http://digitalbuildingdata.tech/nlcs/def/9a28fa92-8317-4527-8efb-7607f8839580","BOS","SGR","","501","SGR-BOS_GEMENGD-SO","BOS_GEMENGD","SO"
"http://digitalbuildingdata.tech/nlcs/def/9fc63c3d-cf5f-454d-abd5-23e62d0666a8","BOS","SGR","","502","SGR-BOS_LOOF-SO","BOS_LOOF","SO"
"http://digitalbuildingdata.tech/nlcs/def/3709d0f7-b568-400a-8a1a-9d8d8a1efb84","BOS","SGR","","503","SGR-BOS_NAALD-SO","BOS_NAALD","SO"
"http://digitalbuildingdata.tech/nlcs/def/c49e0b24-fa3e-45b6-aa85-ad1327f38536","BOS","SGR","","504","SGR-BOS-SO","BOS","SO"
"http://digitalbuildingdata.tech/nlcs/def/74fa2c42-8d8d-466c-8aa4-a597f2a7f3c6","BOS","SGR","","505","SGR-BOSPLANTSOEN-SO","BOSPLANTSOEN","SO"
"http://digitalbuildingdata.tech/nlcs/def/4e574d98-5bb9-41e2-ad05-4170a1d6e5f6","CONIFEER","SGR","","506","SGR-CONIFEER","CONIFEER",""
"http://digitalbuildingdata.tech/nlcs/def/f7d4dda6-a8f0-469d-8c37-2795d7456cd4","GRAS","SGR","","507","SGR-GRAS_01-SO","GRAS_01","SO"
"http://digitalbuildingdata.tech/nlcs/def/f34a3352-e784-43c3-b184-ab4af7ce3859","GRAS","SGR","","509","SGR-GRAS_GAZON-SO","GRAS_GAZON","SO"
"http://digitalbuildingdata.tech/nlcs/def/5dea4505-d46f-423a-99a7-774a74c1a4a4","GRAS","SGR","","510","SGR-GRAS_GESTABILISEERD-SO","GRAS_GESTABILISEERD","SO"
"http://digitalbuildingdata.tech/nlcs/def/ab7756cc-cd5a-471f-94fd-80e704756cca","GRAS","SGR","","511","SGR-GRAS_KUNSTGRAS-SO","GRAS_KUNSTGRAS","SO"
"http://digitalbuildingdata.tech/nlcs/def/14264034-7193-4c59-913b-111675de84ad","GRAS","SGR","","512","SGR-GRAS_RUIGGRAS-SO","GRAS_RUIGGRAS","SO"
"http://digitalbuildingdata.tech/nlcs/def/784e4c2d-5bf0-45b4-9b04-937bab33452c","SPORTVELD","SGR","","513","SGR-SPORTVELD_GRAS-SO","SPORTVELD_GRAS","SO"
"http://digitalbuildingdata.tech/nlcs/def/516b8968-5783-479a-ad08-1636dae31803","SPORTVELD","SGR","","514","SGR-SPORTVELD_GRAS_KUNSTGRAS-SO","SPORTVELD_GRAS_KUNSTGRAS","SO"
"http://digitalbuildingdata.tech/nlcs/def/cb71520c-e8e1-41d9-8d96-3d38f4a29edf","HEESTER","SGR","","516","SGR-HEESTER_01","HEESTER_01",""
"http://digitalbuildingdata.tech/nlcs/def/791c07cc-aa85-4b01-a4c9-5571f409c126","HEESTER","SGR","","517","SGR-HEESTER_02","HEESTER_02",""
"http://digitalbuildingdata.tech/nlcs/def/e60611ae-2745-4534-a823-f1f27a659420","HEESTER","SGR","","518","SGR-HEESTER_03","HEESTER_03",""
"http://digitalbuildingdata.tech/nlcs/def/6f4a0323-4f02-484f-b820-3179a3bbd61e","HEESTER","SGR","","519","SGR-HEESTER_04","HEESTER_04",""
"http://digitalbuildingdata.tech/nlcs/def/af950dcf-898e-44ed-af7b-30fe821b2fa5","HEESTER","SGR","","520","SGR-HEESTER_05","HEESTER_05",""
"http://digitalbuildingdata.tech/nlcs/def/c0249e4c-4ef5-4dce-8aad-dd52d2c85d7e","HEESTER","SGR","","521","SGR-HEESTER_06","HEESTER_06",""
"http://digitalbuildingdata.tech/nlcs/def/e3cf1c56-193c-460b-bd4d-3841689e546d","HEESTERS","SGR","","522","SGR-HEESTERS-SO","HEESTERS","SO"
"http://digitalbuildingdata.tech/nlcs/def/52ef091f-6bd9-4806-abb1-67d4c4fd0a65","HONDENTOILET","SGR","","523","SGR-HONDENTOILET-SO","HONDENTOILET","SO"
"http://digitalbuildingdata.tech/nlcs/def/425798a6-9ea8-4660-ab61-a7049c22b6b1","HOUTOPSTAND","SGR","","524","SGR-HOUTOPSTAND_GEMENGD-SO","HOUTOPSTAND_GEMENGD","SO"
"http://digitalbuildingdata.tech/nlcs/def/c62e06bf-55fd-4ca9-b9b5-3ccf8ed0ec6c","HOUTOPSTAND","SGR","","525","SGR-HOUTOPSTAND_LOOF-SO","HOUTOPSTAND_LOOF","SO"
"http://digitalbuildingdata.tech/nlcs/def/48d2c8d0-6507-4aef-babd-449cb6e44548","HOUTOPSTAND","SGR","","526","SGR-HOUTOPSTAND_NAALD-SO","HOUTOPSTAND_NAALD","SO"
"http://digitalbuildingdata.tech/nlcs/def/f61fed35-a7e7-4599-a185-53a8144a87a1","HOUTOPSTAND","SGR","","527","SGR-HOUTOPSTAND-SO","HOUTOPSTAND","SO"
"http://digitalbuildingdata.tech/nlcs/def/fd5f798b-dd52-4089-931d-fb946c2b658a","KRUIDEN","SGR","","528","SGR-KRUIDEN-SO","KRUIDEN","SO"
"http://digitalbuildingdata.tech/nlcs/def/434f0e97-78c0-46cc-8cf6-532c3635ce04","MAAIVELD","SGR","","529","SGR-MAAIVELD-SO","MAAIVELD","SO"
"http://digitalbuildingdata.tech/nlcs/def/7328c81e-e620-4238-935a-41001f5c22ab","MOERAS","SGR","","530","SGR-MOERAS-SO","MOERAS","SO"
"http://digitalbuildingdata.tech/nlcs/def/f50ca5b2-a566-4a87-84a6-5da6995e3b58","PLANTENBAK","SGR","","531","SGR-PLANTENBAK-SO","PLANTENBAK","SO"
"http://digitalbuildingdata.tech/nlcs/def/f643cad0-6e7e-4550-9532-948163afff0c","PLANTGATVERBETERING","SGR","","532","SGR-PLANTGATVERBETERING_01-SO","PLANTGATVERBETERING_01","SO"
"http://digitalbuildingdata.tech/nlcs/def/87cf39d4-9a32-45dc-8794-ec652472257d","PLANTGATVERBETERING","SGR","","533","SGR-PLANTGATVERBETERING_02-SO","PLANTGATVERBETERING_02","SO"
"http://digitalbuildingdata.tech/nlcs/def/60488251-b52c-469d-bf07-a93e3d770e64","RIETLAND","SGR","","534","SGR-RIETLAND-SO","RIETLAND","SO"
"http://digitalbuildingdata.tech/nlcs/def/2e5034e8-24e6-4c84-a2e8-5a1e2fe76941","SIERPLANTSOEN","SGR","","535","SGR-SIERPLANTSOEN-SO","SIERPLANTSOEN","SO"
"http://digitalbuildingdata.tech/nlcs/def/6a3003b6-2532-4eb7-b095-1ff2959eb2a6","SOORTAANDUIDING","SGR","","536","SGR-SOORTAANDUIDING-SO","SOORTAANDUIDING","SO"
"http://digitalbuildingdata.tech/nlcs/def/d9251120-6f74-4b2b-9fd5-44d09e63bde9","STRUWEEL","SGR","","537","SGR-STRUWEEL-SO","STRUWEEL","SO"
"http://digitalbuildingdata.tech/nlcs/def/af39e903-55d4-441e-bdb6-2d8c881bd10c","TYPEAANDUIDING","SGR","","540","SGR-TYPEAANDUIDING-SO","TYPEAANDUIDING","SO"
"http://digitalbuildingdata.tech/nlcs/def/551d30c7-bdb1-4f5e-891c-9b5e4087c5ed","VASTEPLANTEN","SGR","","541","SGR-VASTEPLANTEN-SO","VASTEPLANTEN","SO"
"http://digitalbuildingdata.tech/nlcs/def/4bd567c5-8447-4800-8ef0-a280c0b039fe","WATERPLANTEN","SGR","","542","SGR-WATERPLANTEN-SO","WATERPLANTEN","SO"
"http://digitalbuildingdata.tech/nlcs/def/5a44c5f4-8ea8-4589-8c9b-25780a4a48d3","WISSELBEPLANTING","SGR","","543","SGR-WISSELBEPLANTING-SO","WISSELBEPLANTING","SO"
"http://digitalbuildingdata.tech/nlcs/def/002303b3-0ac1-4e31-9400-9573423ed61f","BOOM","SGR","","544","SGR-BOOM_S01_A_ZIJ-D","BOOM_S01_A_ZIJ","D"
"http://digitalbuildingdata.tech/nlcs/def/76fb0528-f996-4646-9c6d-3460a4214683","BOOM","SGR","","545","SGR-BOOM_S01_B_ZIJ-D","BOOM_S01_B_ZIJ","D"
"http://digitalbuildingdata.tech/nlcs/def/1686dc89-4591-4854-8bcc-c0087f17905a","BOOM","SGR","","546","SGR-BOOM_S01_C_ZIJ-D","BOOM_S01_C_ZIJ","D"
"http://digitalbuildingdata.tech/nlcs/def/ab091922-6129-400b-8a1f-56b9af40b81b","BOOM","SGR","","547","SGR-BOOM_S01_D_ZIJ-D","BOOM_S01_D_ZIJ","D"
"http://digitalbuildingdata.tech/nlcs/def/25b9f4a1-41a9-4697-9293-e469fec7b99b","BOOM","SGR","","548","SGR-BOOM_S01_E_ZIJ-D","BOOM_S01_E_ZIJ","D"
"http://digitalbuildingdata.tech/nlcs/def/11b7d054-90c6-4fcc-af8b-ad38ba6d9c50","BOOM","SGR","","549","SGR-BOOM_S01_F_ZIJ-D","BOOM_S01_F_ZIJ","D"
"http://digitalbuildingdata.tech/nlcs/def/d3a65abd-d079-451e-bf5e-3488d8bb82ce","BOOM","SGR","","550","SGR-BOOM_S01_G_ZIJ-D","BOOM_S01_G_ZIJ","D"
"http://digitalbuildingdata.tech/nlcs/def/ef375103-6189-4b30-a052-cea68796a63f","BOOM","SGR","","551","SGR-BOOM_S01_H_ZIJ-D","BOOM_S01_H_ZIJ","D"
"http://digitalbuildingdata.tech/nlcs/def/c62b15ba-e85e-4cef-9f7a-8bf4bd729b3b","BOOM","SGR","","552","SGR-BOOM_S01_I_ZIJ-D","BOOM_S01_I_ZIJ","D"
"http://digitalbuildingdata.tech/nlcs/def/ead0ce38-043f-418f-ae09-87da59e115d4","BOOM","SGR","","553","SGR-BOOM_S01_J_ZIJ-D","BOOM_S01_J_ZIJ","D"
"http://digitalbuildingdata.tech/nlcs/def/8c9ccb87-e3b8-4c9e-baf6-1d027101a9ad","BOOM","SGR","","554","SGR-BOOM_S01_K_ZIJ-D","BOOM_S01_K_ZIJ","D"
"http://digitalbuildingdata.tech/nlcs/def/71f91d99-a418-4b14-93dd-afc0ca0f5372","BOOM","SGR","","555","SGR-BOOM_S01_L_ZIJ-D","BOOM_S01_L_ZIJ","D"
"http://digitalbuildingdata.tech/nlcs/def/bff661a8-4415-4b33-97fa-c08416a283e1","BOOM","SGR","","556","SGR-BOOM_S01_M_ZIJ-D","BOOM_S01_M_ZIJ","D"
"http://digitalbuildingdata.tech/nlcs/def/4fabe817-9931-4a22-a679-38c1091bfdee","BOOM","SGR","","557","SGR-BOOM_S01_N_ZIJ-D","BOOM_S01_N_ZIJ","D"
"http://digitalbuildingdata.tech/nlcs/def/b736f5a6-aa16-4bac-b5ad-ad95ba8cdf89","BOOM","SGR","","558","SGR-BOOM_S01_O_ZIJ-D","BOOM_S01_O_ZIJ","D"
"http://digitalbuildingdata.tech/nlcs/def/15fc69ad-7faf-46ac-bdd9-10c81b5ee49f","BOOM","SGR","","559","SGR-BOOM_S01_P_ZIJ-D","BOOM_S01_P_ZIJ","D"
"http://digitalbuildingdata.tech/nlcs/def/c2d29fa7-5977-4025-a9e0-13f973c5d86a","BOOM","SGR","","560","SGR-BOOM_S01_Q_ZIJ-D","BOOM_S01_Q_ZIJ","D"
"http://digitalbuildingdata.tech/nlcs/def/cf04d15b-9ac8-4445-9085-e1fd1c909c0b","BOOM","SGR","","561","SGR-BOOM_S01_R_ZIJ-D","BOOM_S01_R_ZIJ","D"
"http://digitalbuildingdata.tech/nlcs/def/5fdd9fbd-1005-4ea4-a0f7-0b6ffc4c6931","BOOM","SGR","","562","SGR-BOOM_S01_S_ZIJ-D","BOOM_S01_S_ZIJ","D"
"http://digitalbuildingdata.tech/nlcs/def/a3080032-d4f8-4526-8c9f-a8ab4d71cb9d","BOOM","SGR","","563","SGR-BOOM_S01_T_ZIJ-D","BOOM_S01_T_ZIJ","D"
"http://digitalbuildingdata.tech/nlcs/def/3346c75f-6652-4fe9-a4e5-deb6cbe6a18e","BOOM","SGR","","564","SGR-BOOM_S01_U_ZIJ-D","BOOM_S01_U_ZIJ","D"
"http://digitalbuildingdata.tech/nlcs/def/45f44c01-3303-4885-b594-900135397512","BOOM","SGR","","565","SGR-BOOM_S01_V_ZIJ-D","BOOM_S01_V_ZIJ","D"
"http://digitalbuildingdata.tech/nlcs/def/bc84da44-0f76-4de4-ba7c-8773fa4b5d44","BOOM","SGR","","566","SGR-BOOM_S01_W_ZIJ-D","BOOM_S01_W_ZIJ","D"
"http://digitalbuildingdata.tech/nlcs/def/b47489df-c3c5-4b0d-9a94-10c78b8409e7","BOOM","SGR","","567","SGR-BOOM_S01_X_ZIJ-D","BOOM_S01_X_ZIJ","D"
"http://digitalbuildingdata.tech/nlcs/def/7bb9ac9f-f0b6-433f-80a9-c5294d140d5f","BOOM","SGR","","568","SGR-BOOM_S01_Y_ZIJ-D","BOOM_S01_Y_ZIJ","D"
"http://digitalbuildingdata.tech/nlcs/def/9302be99-9ab2-4c3d-ad7b-97cab9c55c0f","BOOM","SGR","","569","SGR-BOOM_S02_A_ZIJ-D","BOOM_S02_A_ZIJ","D"
"http://digitalbuildingdata.tech/nlcs/def/04970d10-82ec-4b8a-978b-0e88c6488996","BOOM","SGR","","570","SGR-BOOM_S02_B_ZIJ-D","BOOM_S02_B_ZIJ","D"
"http://digitalbuildingdata.tech/nlcs/def/85f658a0-dc07-446b-a4ba-0d954a06c7e2","BOOM","SGR","","571","SGR-BOOM_S02_C_ZIJ-D","BOOM_S02_C_ZIJ","D"
"http://digitalbuildingdata.tech/nlcs/def/218cf0d3-cf2c-44c3-ba0f-a5f5056d8da5","BOOM","SGR","","572","SGR-BOOM_S02_D_ZIJ-D","BOOM_S02_D_ZIJ","D"
"http://digitalbuildingdata.tech/nlcs/def/920ac971-23ac-4e87-a610-cea2c067fd29","BOOM","SGR","","573","SGR-BOOM_S02_E_ZIJ-D","BOOM_S02_E_ZIJ","D"
"http://digitalbuildingdata.tech/nlcs/def/6d493666-ff16-4f92-a17e-bfcc577abcd0","BOOM","SGR","","574","SGR-BOOM_S02_F_ZIJ-D","BOOM_S02_F_ZIJ","D"
"http://digitalbuildingdata.tech/nlcs/def/3b743f74-e2b4-4d78-840b-c06865519c00","BOOM","SGR","","575","SGR-BOOM_S02_G_ZIJ-D","BOOM_S02_G_ZIJ","D"
"http://digitalbuildingdata.tech/nlcs/def/65de8d69-b25b-460c-b537-d422625949bc","BOOM","SGR","","576","SGR-BOOM_S03_A_ZIJ-D","BOOM_S03_A_ZIJ","D"
"http://digitalbuildingdata.tech/nlcs/def/4ad1cb38-4cb1-43ef-bf41-b432fc8941e0","BOOM","SGR","","577","SGR-BOOM_S03_B_ZIJ-D","BOOM_S03_B_ZIJ","D"
"http://digitalbuildingdata.tech/nlcs/def/f1b5aafc-3b2e-4e21-b966-e011c0edbd56","BOOM","SGR","","578","SGR-BOOM_S03_C_ZIJ-D","BOOM_S03_C_ZIJ","D"
"http://digitalbuildingdata.tech/nlcs/def/f91bbc5f-e02d-453a-bcd7-88e8f85b2c6b","BOOM","SGR","","579","SGR-BOOM_S03_D_ZIJ-D","BOOM_S03_D_ZIJ","D"
"http://digitalbuildingdata.tech/nlcs/def/9910b70c-00b4-497e-a4ea-981a10960874","BOOM","SGR","","580","SGR-BOOM_S04_A_ZIJ-D","BOOM_S04_A_ZIJ","D"
"http://digitalbuildingdata.tech/nlcs/def/d037b698-a8eb-4378-9d95-5e1e18474e39","BOOM","SGR","","581","SGR-BOOM_S04_B_ZIJ-D","BOOM_S04_B_ZIJ","D"
"http://digitalbuildingdata.tech/nlcs/def/4c8f1060-8807-4eea-86e6-9fa408112735","BOOM","SGR","","582","SGR-BOOM_S04_C_ZIJ-D","BOOM_S04_C_ZIJ","D"
"http://digitalbuildingdata.tech/nlcs/def/1357caf0-ddc6-4b38-adc3-5ae62b6cad2d","BOOM","SGR","","583","SGR-BOOM_S05_A_ZIJ-D","BOOM_S05_A_ZIJ","D"
"http://digitalbuildingdata.tech/nlcs/def/d9c81383-0434-404c-8c9f-e7fce8fdb6c2","BOOM","SGR","","584","SGR-BOOM_S05_B_ZIJ-D","BOOM_S05_B_ZIJ","D"
"http://digitalbuildingdata.tech/nlcs/def/2b815c8b-a131-4825-a35c-b9c080cfe03a","BOOM","SGR","","585","SGR-BOOM_S05_C_ZIJ-D","BOOM_S05_C_ZIJ","D"
"http://digitalbuildingdata.tech/nlcs/def/5fae5593-33b9-402c-9499-450254637326","BOOM","SGR","","586","SGR-BOOM_S05_D_ZIJ-D","BOOM_S05_D_ZIJ","D"
"http://digitalbuildingdata.tech/nlcs/def/99cf6e14-0d86-4e7b-90ea-906cddbb2f62","BOOM","SGR","","587","SGR-BOOM_S05_E_ZIJ-D","BOOM_S05_E_ZIJ","D"
"http://digitalbuildingdata.tech/nlcs/def/0837cf2c-586f-4e46-9cbc-96f2f54dcc34","BOOM","SGR","","588","SGR-BOOM_S05_F_ZIJ-D","BOOM_S05_F_ZIJ","D"
"http://digitalbuildingdata.tech/nlcs/def/995e1117-e58c-4515-8cdf-a759e267cdc0","BOOM","SGR","","589","SGR-BOOM_S05_G_ZIJ-D","BOOM_S05_G_ZIJ","D"
"http://digitalbuildingdata.tech/nlcs/def/96c55c63-0023-48e9-b795-2e8421ed5292","BOOM","SGR","","590","SGR-BOOM_S05_H_ZIJ-D","BOOM_S05_H_ZIJ","D"
"http://digitalbuildingdata.tech/nlcs/def/15bc1919-0131-4e5e-ba98-b3aa1c28a816","BOOM","SGR","","602","SGR-BOOM_S07_B_ZIJ-D","BOOM_S07_B_ZIJ","D"
"http://digitalbuildingdata.tech/nlcs/def/57770c17-f340-48c2-9df2-2cd282c2d43c","BOOM","SGR","","603","SGR-BOOM_S07_C_ZIJ-D","BOOM_S07_C_ZIJ","D"
"http://digitalbuildingdata.tech/nlcs/def/4006a88a-1afb-4908-9d26-501c94aaa6e3","BOOM","SGR","","605","SGR-BOOM_S07_E_ZIJ-D","BOOM_S07_E_ZIJ","D"
"http://digitalbuildingdata.tech/nlcs/def/f5eb5f9d-09ee-4b14-a366-19672eb65ab2","BOOM","SGR","","606","SGR-BOOM_S08_A_ZIJ-D","BOOM_S08_A_ZIJ","D"
"http://digitalbuildingdata.tech/nlcs/def/4034a3b4-949a-47ce-ba8a-bd1bef66ce44","BOOM","SGR","","607","SGR-BOOM_S08_B_ZIJ-D","BOOM_S08_B_ZIJ","D"
"http://digitalbuildingdata.tech/nlcs/def/d140f657-1c8c-40b0-8a54-b11aa3377c2b","BOOM","SGR","","608","SGR-BOOM_S08_C_ZIJ-D","BOOM_S08_C_ZIJ","D"
"http://digitalbuildingdata.tech/nlcs/def/86664898-db35-42b0-9790-9333fffc9924","BOOM","SGR","","609","SGR-BOOM_S08_D_ZIJ-D","BOOM_S08_D_ZIJ","D"
"http://digitalbuildingdata.tech/nlcs/def/ec25cd3b-277e-4179-9639-402471b62bab","BOOM","SGR","","610","SGR-BOOM_S09_A_ZIJ-D","BOOM_S09_A_ZIJ","D"
"http://digitalbuildingdata.tech/nlcs/def/a60d35cd-4a52-4980-9cab-d2fbb84eba9a","BOOM","SGR","","611","SGR-BOOM_S09_B_ZIJ-D","BOOM_S09_B_ZIJ","D"
"http://digitalbuildingdata.tech/nlcs/def/2784c25a-cf11-4573-a2e0-57606606d7d6","BOOM","SGR","","612","SGR-BOOM_S09_C_ZIJ-D","BOOM_S09_C_ZIJ","D"
"http://digitalbuildingdata.tech/nlcs/def/2060c557-caf8-4861-a70c-f290849391b1","BOOM","SGR","","613","SGR-BOOM_S09_D_ZIJ-D","BOOM_S09_D_ZIJ","D"
"http://digitalbuildingdata.tech/nlcs/def/b9d93430-95e0-4bcf-b796-93559eef5f57","BOOM","SGR","","614","SGR-BOOM_S09_E_ZIJ-D","BOOM_S09_E_ZIJ","D"
"http://digitalbuildingdata.tech/nlcs/def/7314d7d6-93eb-4497-948f-1fe43830b6be","BOOM","SGR","","615","SGR-BOOM_S09_F_ZIJ-D","BOOM_S09_F_ZIJ","D"
"http://digitalbuildingdata.tech/nlcs/def/aae3c45d-fee4-4bba-ada2-afaf5d4bc3b8","BOOM","SGR","","616","SGR-BOOM_S10_A_ZIJ-D","BOOM_S10_A_ZIJ","D"
"http://digitalbuildingdata.tech/nlcs/def/df47857a-d75b-41f7-b7be-c1263ac4224a","BOOM","SGR","","617","SGR-BOOM_S10_B_ZIJ-D","BOOM_S10_B_ZIJ","D"
"http://digitalbuildingdata.tech/nlcs/def/d8beba55-d71a-4abf-9d21-5e49e0f0b635","BOOM","SGR","","618","SGR-BOOM_S11_A_ZIJ-D","BOOM_S11_A_ZIJ","D"
"http://digitalbuildingdata.tech/nlcs/def/d45891ad-9876-4b09-8538-88cf23d0aade","BOOM","SGR","","619","SGR-BOOM_S11_B_ZIJ-D","BOOM_S11_B_ZIJ","D"
"http://digitalbuildingdata.tech/nlcs/def/0375b066-461c-4b0c-bfd7-ac9c05b154eb","BOOM","SGR","","620","SGR-BOOM_S12_A_ZIJ-D","BOOM_S12_A_ZIJ","D"
"http://digitalbuildingdata.tech/nlcs/def/e2093380-bbd1-4d4a-8a15-45f7d85c351f","BOOM","SGR","","621","SGR-BOOM_S12_B_ZIJ-D","BOOM_S12_B_ZIJ","D"
"http://digitalbuildingdata.tech/nlcs/def/5861fd4e-3731-421a-9ee8-894b92de4abc","HEESTER","SGR","","622","SGR-HEESTER_S01_A_ZIJ-D","HEESTER_S01_A_ZIJ","D"
"http://digitalbuildingdata.tech/nlcs/def/374199f3-43fb-4244-97c6-e74afbfabcce","HEESTER","SGR","","623","SGR-HEESTER_S01_B_ZIJ-D","HEESTER_S01_B_ZIJ","D"
"http://digitalbuildingdata.tech/nlcs/def/253f3541-2b74-430c-828c-b46d27e33111","HEESTER","SGR","","624","SGR-HEESTER_S01_C_ZIJ-D","HEESTER_S01_C_ZIJ","D"
"http://digitalbuildingdata.tech/nlcs/def/3c119806-9752-4b46-9de8-24b2ad40c6a5","HEESTER","SGR","","625","SGR-HEESTER_S01_E_ZIJ-D","HEESTER_S01_E_ZIJ","D"
"http://digitalbuildingdata.tech/nlcs/def/486f7e21-68ee-48fd-a3a2-87c1830f96d5","HEESTER","SGR","","626","SGR-HEESTER_S01_F_ZIJ-D","HEESTER_S01_F_ZIJ","D"
"http://digitalbuildingdata.tech/nlcs/def/03120fb8-5dec-418b-b6e2-49675abdc7e6","HEESTER","SGR","","627","SGR-HEESTER_S01_G_ZIJ-D","HEESTER_S01_G_ZIJ","D"
"http://digitalbuildingdata.tech/nlcs/def/951b17ee-6673-4088-86a9-5e646dc1bc3a","HAAG","SGR","","956","SGR-HAAG-D","HAAG","D"